type,name,label::Arabic,label::English,required,read_only,relevant,appearance,constraint,constraint_message::English,constraint_message::Arabic,choice_filter,default,calculation,hint,hint::Arabic,repeat_count
start,start,,,,,,,,,,,,,,,
end ,end,,,,,,,,,,,,,,,
deviceid ,deviceid,,,,,,,,,,,,,,,
text,q_name, ÇáÇÓã,Enumerator name:,yes,,,,,,,,,,,,
select_one orgname,q_orgname,ÇÓã ÇáãäÙãÉ ÇáÔÑíßÉ:,Partner organisation name:,yes,,,,,,,,,,,,
text,q_orgname_other,ÇÏÎá ÇÓã ÇáãäÙãÉ ÇáÊí ÊÚãá áÏíåÇ:,Please enter the name of your organisation:,yes,,"selected(${q_orgname},'other_org_specify')",,,,,,,,,,
select_one acted_purpose,q_acted_purpose,ãÇåæ ÛÑÖ åĞÇ ÇáÇÓÊÈíÇä¿ (ÎÇÕ ÈÌÇãÚ ÇáÈíÇäÇÊ İŞØ),(For ACTED enumerators only) What is the purpose of this survey?,yes,,"selected(${q_orgname},'acted')",,,,,,,,,,
date,q_date, ÇáÊÇÑíÎ,Date:,yes,,,,,,,,,,,,
select_one Region,q_region,ÇáÌåÉ,Region:,yes,,,,,,,,,,,,
select_one District,q_district,ÇáãäØŞÉ ,District:,yes,,,,,,,region=${q_region},,,,,
select_one Municipality,q_municipality,ÇáÈáÏíÉ,Municipality:,yes,,,,,,,district=${q_district},,,,,
text,q_neighbourhood,ÇáãÍáÉ,Neighbourhood: ,yes ,,,,,,,,,,,,
geopoint,q_coordinates,ÃÑÌæ ÃÎĞ ÇÍÏÇËíÇÊ GPS  áãßÇä ÇáÓæŞ,Please collect the GPS coordinates of the market location.,,,,,,,,,,,,,
select_one shop_type,q_shop_type,ãÇ äæÚ ÇáãÍá¿ (ÇáÈÖÇÚÉ ÇáãÈÇÚÉ),What type of market/shop is this?,yes,,,,,,,,,,,,
begin group ,group_fh_shop,,${q_shop_type},,,,,,,,,,,,,
text,q_shop_name,ÇÓã ÇáãÍá:   ,Market/shop name: ,yes,,,,,,,,,,,,
text,q_trader,ÇÓã ÇáÊÇÌÑ:,Trader name:,,,"selected(${q_shop_type},'central_market')",,,,,,,,,,
select_one yes_no,q_tadawul,åá íŞÈá åĞÇ ÇáãÍá ÇáÏİÚ ÈÇÓÊÎÏÇã ÈØÇŞÉ ÊÏÇæá¿,Does this shop accept payments using Tadawul?,,,"selected(${q_acted_purpose},'pos_monitoring')",,,,,,,,,,
image,image,"Çä Ããßä ,ÎĞ ÕæÑÉ ááãÊÌÑ","If possible, take a picture of this shop.",,,,,,,,,,,,,
note,q_cheapest_price,ÊĞßÑ ãä İÖáß Çä ÊÓÌá ÇÑÎÕ Ëãä áßá ãäÊæÌ,Remember to always register the cheapest price for each item.,,,,,,,,,,,,,
note,q_brand,"Çä áã íÍÊæí ÇáãäÊæÌ Úáì ÚáÇãÉ ÊÌÇÑíÉ(ãÇÑßÉ) ÇßÊÈ "" áÇ ÔíÁ""","If an item does not have a brand name, write ""no brand"".",,,,,,,,,,,,,
select_one yes_no,q_sell_salt,åá íÈíÚ ÇáãÍá ÇáãáÍ İí ÇáãÚÊÇÏ¿,Does this shop normally sell salt?,yes,,"selected(${q_shop_type},'general_store')",quick,,,,,,,,,
begin group ,group_salt,,Salt,,,"selected(${q_sell_salt},'yes')",,,,,,,,,,
select_one yes_no,q_salt_available_in_shop,åá ÇáãáÍ ãÊæİÑ ÍÇáíÇ İí ÇáãÊÌÑ¿,Is salt currently available in this shop,yes,,,quick,,,,,,,,,
select_one yes_no,q_salt_quantity1,åá íÈÇÚ ÈÇáßíáæ ÇáæÇÍÏ¿,Is it sold by 1 kilo? ,yes,,"selected(${q_salt_available_in_shop},'yes')",quick,,,,,,,,,
decimal,q_salt_quantity2,"ÇĞÇ ßÇä íÈÇÚ ÈßãíÉ ãÎÊáİÉ Úä 1 ßíáæ, ÇßÊÈ ÇáßãíÉ   ÈÇáßíáæ ÛÑÇã:  ","If it is sold by a quantity different than 1 kilo, write the quantity (in kilos): ",yes,,"selected(${q_salt_quantity1},'no') and selected(${q_salt_available_in_shop},'yes')",,.>0,Value must be greater than 0,ÇáŞíãÉ íÌÈ Çä Êßæä ÃßËÑ  ãä 0,,,,,"<span style=""color:red""> ÇáÑÌÇÁ ÇáÇäÊÈÇå ááÓÚÉ ÇáãÍÏÏÉ
 ßíáæ 1 = ÛÑÇã 1000 </span>",
decimal,q_salt_price,ÇáÓÚÑ ÈÇáÏíäÇÑ ÇááíÈí,Price (Libyan dinar),yes,,"selected(${q_salt_available_in_shop},'yes')",,.>0,Value must be greater than 0,ÇáŞíãÉ íÌÈ Çä Êßæä ÃßËÑ  ãä 0,,,,Please write the price for the quantity you have just entered,ÑÌÇÁ ÍÏÏ ÓÚÑ ÇáßãíÉ ÇáãÏÎáÉ ÃÚáÇå,
calculate,q_salt_price_per_kilo,,,,,"selected(${q_salt_available_in_shop},'yes')",,,,,,,"round(if((selected(${q_salt_quantity1},'no')), (${q_salt_price} div ${q_salt_quantity2}), ${q_salt_price}),2)",,,
calculate,meb_salt_price_1kg,,,,,"selected(${q_salt_available_in_shop},'yes')",,,,,,,"round(if((selected(${q_salt_quantity1},'no')), (${q_salt_price} div ${q_salt_quantity2}), ${q_salt_price}),2)",,,
note,q_salt_price_per_kilo_display,"<span style=""color:red""> ${q_salt_price_per_kilo} :ÓÚÑ ÇáãáÍ áßá 1 ßíáæ åæ </span>
  ÏíäÇÑ áíÈí. ÅĞÇ ßÇäÊ ÇáÇÌÇÈÉ ÃÚáÇå ÛíÑ ãäØŞíÉ Ãæ ÎÇØÆÉ ÇáÑÌÇÁ ãÑÇÌÚÉ ÇáÓÚÑ Ãæ ÇáßãíÉ ÇáÊí ÍÏÏåÇ. ÔßÑÇğ",The price of salt per kilo is: ${q_salt_price_per_kilo},,yes,"selected(${q_salt_available_in_shop},'yes')",,,,,,,,,,
text,q_salt_brand,"ÇÓã ÇáãÇÑßÉ (Åä áã íæÌÏ ãÇÑßÉ ÇßÊÈ ""áÇ ÔíÁ"")",Brand:,,,"selected(${q_salt_available_in_shop},'yes')",,,,,,,,,,
end group,,,,,,,,,,,,,,,,
select_one yes_no,q_sell_sugar,åá íÈíÚ åĞÇ ÇáãÍá ÇáÓßÑ İí ÇáãÚÊÇÏ¿,Does this shop normally sell sugar? ,yes,,"selected(${q_shop_type},'general_store') or selected(${q_shop_type},'jameeya')",quick,,,,,,,,,
begin group ,group_sugar,ÇÑÎÕ ÓÚÑ ááÓßÑ ÇáÇÈíÖ,Sugar,,,"selected(${q_sell_sugar},'yes')",,,,,,,,,,
select_one yes_no,q_sugar_available_in_shop,åá ÇáÓßÑ ãÊæİÑ ÍÇáíÇ İí ÇáãÊÌÑ¿,Is sugar currently available in this shop?,yes,,,quick,,,,,,,,,
select_one yes_no,q_sugar_quantity1,åá íÈÇÚ ÈÇáßíáæÛÑÇã ÇáæÇÍÏ¿,Is it sold by 1 kilo? ,yes,,"selected(${q_sugar_available_in_shop},'yes')",quick,,,,,,,,,
decimal,q_sugar_quantity2,"ÇĞÇ ßÇä íÈÇÚ ÈßãíÉ ãÎÊáİÉ Úä 1 ßíáæ ÛÑÇã , ÇßÊÈ ÇáßãíÉ  ÈÇáßíáæ ÛÑÇã","If it is sold by a quantity different than 1 kilo, write the quantity (in kilos):",yes,,"selected(${q_sugar_quantity1},'no') and selected(${q_sugar_available_in_shop},'yes')",,.>0,Value must be greater than 0,ÇáŞíãÉ íÌÈ Çä Êßæä ÃßËÑ  ãä 0,,,,,"<span style=""color:red""> ÇáÑÌÇÁ ÇáÇäÊÈÇå ááÓÚÉ ÇáãÍÏÏÉ
 ßíáæ 1 = ÛÑÇã 1000 </span>",
decimal,q_sugar_price,ÇáÓÚÑ ÈÇáÏíäÇÑ ÇááíÈí,Price (Libyan dinar),yes,,"selected(${q_sugar_available_in_shop},'yes')",,.>0,Value must be greater than 0,ÇáŞíãÉ íÌÈ Çä Êßæä ÃßËÑ  ãä 0,,,,Please write the price for the quantity you have just entered,ÑÌÇÁ ÍÏÏ ÓÚÑ ÇáßãíÉ ÇáãÏÎáÉ ÃÚáÇå,
calculate,q_sugar_price_per_kilo,,,,,"selected(${q_sugar_available_in_shop},'yes')",,,,,,,"round(if((selected(${q_sugar_quantity1},'no')), (${q_sugar_price} div ${q_sugar_quantity2}), ${q_sugar_price}),2)",,,
calculate,meb_sugar_price_2kg,,,,,"selected(${q_sugar_available_in_shop},'yes')",,,,,,,${q_sugar_price_per_kilo}*2,,,
note,q_sugar_price_per_kilo_display,"<span style=""color:red""> ${q_sugar_price_per_kilo} :ÓÚÑ ÇáÓßÑ ÇáÇÈíÖ ááßíáæ ÇáæÇÍÏ åæ </span>
ÏíäÇÑ áíÈí. ÅĞÇ ßÇäÊ ÇáÇÌÇÈÉ ÃÚáÇå ÛíÑ ãäØŞíÉ Ãæ ÎÇØÆÉ ÇáÑÌÇÁ ãÑÇÌÚÉ ÇáÓÚÑ Ãæ ÇáßãíÉ ÇáÊí ÍÏÏåÇ. ÔßÑÇğ",The price of sugar per kilo is: ${q_sugar_price_per_kilo},,yes,"selected(${q_sugar_available_in_shop},'yes')",,,,,,,,,,
text,q_sugar_brand,"ÇÓã ÇáãÇÑßÉ (Åä áã íæÌÏ ãÇÑßÉ ÇßÊÈ ""áÇ ÔíÁ""",Brand:,,,"selected(${q_sugar_available_in_shop},'yes')",,,,,,,,,,
end group,,,,,,,,,,,,,,,,
select_one yes_no,q_sell_flour,åá íÈíÚ åĞÇ ÇáãÍá ÏŞíŞ ÇáŞãÍ  İí ÇáãÚÊÇÏ¿,Does this shop normally sell wheat flour?,yes,,"selected(${q_shop_type},'general_store') or selected(${q_shop_type},'bakery') or selected(${q_shop_type},'jameeya')",quick,,,,,,,,,
begin group ,group_flour,ÇÑÎÕ ÓÚÑ áÏŞíŞ ÇáŞãÍ,Wheat flour,,,"selected(${q_sell_flour},'yes')",,,,,,,,,,
select_one yes_no,q_flour_available_in_shop,åá ÏŞíŞ ÇáŞãÍ ãÊæİÑ ÍÇáíÇ İí ÇáãÊÌÑ¿,Is wheat flour currently available in this shop?,yes,,,quick,,,,,,,,,
select_one yes_no,q_flour_quantity1,åá íÈÇÚ ÈÇáßíáæÛÑÇã ÇáæÇÍÏ¿,Is it sold by 1 kilo? ,yes,,"selected(${q_flour_available_in_shop},'yes')",quick,,,,,,,,,
decimal ,q_flour_quantity2,"ÇĞÇ ßÇä íÈÇÚ ÈßãíÉ ãÎÊáİÉ Úä 1 ßíáæ ÛÑÇã , ÇßÊÈ ÇáßãíÉ  ÈÇáßíáæ ÛÑÇã","If it is sold by a quantity different than 1 kilo, write the quantity (in kilos):",yes,,"selected(${q_flour_quantity1},'no') and selected(${q_flour_available_in_shop},'yes')",,.>0,Value must be greater than 0,ÇáŞíãÉ íÌÈ Çä Êßæä ÃßËÑ  ãä 0,,,,,"<span style=""color:red""> ÇáÑÌÇÁ ÇáÇäÊÈÇå ááÓÚÉ ÇáãÍÏÏÉ
 ßíáæ 1 = ÛÑÇã 1000 </span>",
decimal,q_flour_price,ÇáÓÚÑ ÈÇáÏíäÇÑ ÇááíÈí,Price (Libyan dinar),yes,,"selected(${q_flour_available_in_shop},'yes')",,.>0,Value must be greater than 0,ÇáŞíãÉ íÌÈ Çä Êßæä ÃßËÑ  ãä 0,,,,Please write the price for the quantity you have just entered,ÑÌÇÁ ÍÏÏ ÓÚÑ ÇáßãíÉ ÇáãÏÎáÉ ÃÚáÇå,
calculate,q_flour_price_per_kilo,,,,,"selected(${q_flour_available_in_shop},'yes')",,,,,,,"round(if((selected(${q_flour_quantity1},'no')), (${q_flour_price} div ${q_flour_quantity2}), ${q_flour_price}),2)",,,
note,q_flour_price_per_kilo_display,"<span style=""color:red""> ${q_flour_price_per_kilo} :ÓÚÑ ÏŞíŞ ÇáŞãÍ ááßíáæ ÇáæÇÍÏ åæ </span>
ÏíäÇÑ áíÈí. ÅĞÇ ßÇäÊ ÇáÇÌÇÈÉ ÃÚáÇå ÛíÑ ãäØŞíÉ Ãæ ÎÇØÆÉ ÇáÑÌÇÁ ãÑÇÌÚÉ ÇáÓÚÑ Ãæ ÇáßãíÉ ÇáÊí ÍÏÏåÇ. ÔßÑÇğ",The price of wheat flour per kilo is: ${q_flour_price_per_kilo},,yes,"selected(${q_flour_available_in_shop},'yes')",,,,,,,,,,
text,q_flour_brand,"ÇÓã ÇáãÇÑßÉ (Åä áã íæÌÏ ãÇÑßÉ ÇßÊÈ ""áÇ ÔíÁ""",Brand:,,,"selected(${q_flour_available_in_shop},'yes')",,,,,,,,,,
end group,,,,,,,,,,,,,,,,
select_one yes_no,q_sell_rice,åá íÈíÚ åĞÇ ÇáãÍá ÇáÇÑÒ İí ÇáãÚÊÇÏ¿,Does this shop normally sell rice?,yes,,"selected(${q_shop_type},'general_store') or selected(${q_shop_type},'jameeya')",quick,,,,,,,,,
begin group ,group_rice,ÇÑÎÕ ÓÚÑ ááÃÑÒ,Rice ,,,"selected(${q_sell_rice},'yes')",,,,,,,,,,
select_one yes_no,q_rice_available_in_shop,åá ÇáÃÑÒ ãÊæİÑ ÍÇáíÇ İí ÇáãÊÌÑ¿,Is rice currently available in this shop?,yes,,,quick,,,,,,,,,
select_one yes_no,q_rice_quantity1,åá íÈÇÚ ÈÇáßíáæÛÑÇã ÇáæÇÍÏ¿,Is it sold by 1 kilo? ,yes,,"selected(${q_rice_available_in_shop},'yes')",quick,,,,,,,,,
decimal,q_rice_quantity2,"ÇĞÇ ßÇä íÈÇÚ ÈßãíÉ ãÎÊáİÉ Úä 1 ßíáæ ÛÑÇã , ÇßÊÈ ÇáßãíÉ  ÈÇáßíáæ ÛÑÇã","If it is sold by a quantity different than 1 kilo, write the quantity (in kilos):",yes,,"selected(${q_rice_quantity1},'no') and selected(${q_rice_available_in_shop},'yes')",,.>0,Value must be greater than 0,ÇáŞíãÉ íÌÈ Çä Êßæä ÃßËÑ  ãä 0,,,,,"<span style=""color:red""> ÇáÑÌÇÁ ÇáÇäÊÈÇå ááÓÚÉ ÇáãÍÏÏÉ
 ßíáæ 1 = ÛÑÇã 1000 </span>",
decimal,q_rice_price,ÇáÓÚÑ ÈÇáÏíäÇÑ ÇááíÈí,Price (Libyan dinar),yes,,"selected(${q_rice_available_in_shop},'yes')",,.>0,Value must be greater than 0,ÇáŞíãÉ íÌÈ Çä Êßæä ÃßËÑ  ãä 0,,,,Please write the price for the quantity you have just entered,ÑÌÇÁ ÍÏÏ ÓÚÑ ÇáßãíÉ ÇáãÏÎáÉ ÃÚáÇå,
calculate,q_rice_price_per_kilo,,,,,"selected(${q_rice_available_in_shop},'yes')",,,,,,,"round(if((selected(${q_rice_quantity1},'no')), (${q_rice_price} div ${q_rice_quantity2}), ${q_rice_price}),2)",,,
calculate,meb_rice_price_12halfkg,,,,,"selected(${q_rice_available_in_shop},'yes')",,,,,,,${q_rice_price_per_kilo}*12.5,,,
note,q_rice_price_per_kilo_display,"<span style=""color:red""> ${q_rice_price_per_kilo} :ÓÚÑ ÇáÃÑÒ ááßíáæ ÇáæÇÍÏ åæ </span>
ÏíäÇÑ áíÈí. ÅĞÇ ßÇäÊ ÇáÇÌÇÈÉ ÃÚáÇå ÛíÑ ãäØŞíÉ Ãæ ÎÇØÆÉ ÇáÑÌÇÁ ãÑÇÌÚÉ ÇáÓÚÑ Ãæ ÇáßãíÉ ÇáÊí ÍÏÏåÇ. ÔßÑÇğ",The price of rice per kilo is: ${q_rice_price_per_kilo},,yes,"selected(${q_rice_available_in_shop},'yes')",,,,,,,,,,
text,q_rice_brand,"ÇÓã ÇáãÇÑßÉ (Åä áã íæÌÏ ãÇÑßÉ ÇßÊÈ ""áÇ ÔíÁ""",Brand:,,,"selected(${q_rice_available_in_shop},'yes')",,,,,,,,,,
end group,,,,,,,,,,,,,,,,
select_one yes_no,q_sell_pasta,åá íÈíÚ åĞÇ ÇáãÍá ÇáãÚßÑæäÉ İí ÇáãÚÊÇÏ¿,Does this shop normally sell pasta? ,yes,,"selected(${q_shop_type},'general_store')",quick,,,,,,,,,
begin group ,group_pasta,ÇáãÚßÑæäÉ,Pasta,,,"selected(${q_sell_pasta},'yes')",,,,,,,,,,
select_one yes_no,q_pasta_available_in_shop,åá ÇáãÚßÑæäÉ ãÊæİÑÉ ÍÇáíÇ İí ÇáãÊÌÑ¿,Is pasta currently available in this shop?,yes,,,quick,,,,,,,,,
select_one yes_no,q_pasta_quantity1,åá ÊÈÇÚ ÈÇá 500 ÛÑÇã¿,Is it sold by 500g? ,yes,,"selected(${q_pasta_available_in_shop},'yes')",quick,,,,,,,,,
decimal,q_pasta_quantity2,"ÇĞÇ ßÇäÊ ÊÈÇÚ ÈßãíÉ ãÎÊáİÉ Úä 500 ÛÑÇã , ÇßÊÈ ÇáßãíÉ  ÈÇáÛÑÇã","If it is sold by a quantity different than 500g, write here the quantity (in grams):",yes,,"selected(${q_pasta_quantity1},'no') and selected(${q_pasta_available_in_shop},'yes')",,.>0,Value must be greater than 0,ÇáŞíãÉ íÌÈ Çä Êßæä ÃßËÑ  ãä 0,,,,,"<span style=""color:red""> ÇáÑÌÇÁ ÇáÇäÊÈÇå ááÓÚÉ ÇáãÍÏÏÉ
 ßíáæ 1 = ÛÑÇã 1000 </span>",
decimal,q_pasta_price,ÇáÓÚÑ ÈÇáÏíäÇÑ ÇááíÈí,Price (Libyan dinar),yes,,"selected(${q_pasta_available_in_shop},'yes')",,.>0,Value must be greater than 0,ÇáŞíãÉ íÌÈ Çä Êßæä ÃßËÑ  ãä 0,,,,Please write the price for the quantity you have just entered,ÑÌÇÁ ÍÏÏ ÓÚÑ ÇáßãíÉ ÇáãÏÎáÉ ÃÚáÇå,
calculate,q_pasta_price_per_500g,,,,,"selected(${q_pasta_available_in_shop},'yes')",,,,,,,"round(if((selected(${q_pasta_quantity1},'no')), (500 * ${q_pasta_price} div ${q_pasta_quantity2}), ${q_pasta_price}),2)",,,
calculate,q_pasta_price_per_kilo,,,,,"selected(${q_pasta_available_in_shop},'yes')",,,,,,,${q_pasta_price_per_500g}*2,,,
calculate,meb_pasta_price_11kg,,,,,"selected(${q_pasta_available_in_shop},'yes')",,,,,,,${q_pasta_price_per_kilo}*11,,,
note,q_pasta_price_per_500g_display,"<span style=""color:red""> ${q_pasta_price_per_500g} :ÓÚÑ ÇáãÚßÑæäÉ áá500 ÛÑÇã åæ </span>
ÏíäÇÑ áíÈí. ÅĞÇ ßÇäÊ ÇáÇÌÇÈÉ ÃÚáÇå ÛíÑ ãäØŞíÉ Ãæ ÎÇØÆÉ ÇáÑÌÇÁ ãÑÇÌÚÉ ÇáÓÚÑ Ãæ ÇáßãíÉ ÇáÊí ÍÏÏåÇ. ÔßÑÇğ",The price of pasta per 500g is: ${q_pasta_price_per_500g},,yes,"selected(${q_pasta_available_in_shop},'yes')",,,,,,,,,,
text,q_pasta_brand,"ÇÓã ÇáãÇÑßÉ (Åä áã íæÌÏ ãÇÑßÉ ÇßÊÈ ""áÇ ÔíÁ""",Brand:,,,"selected(${q_pasta_available_in_shop},'yes')",,,,,,,,,,
end group,,,,,,,,,,,,,,,,
select_one yes_no,q_sell_couscous,åá íÈíÚ åĞÇ ÇáãÍá ÇáßÓßÓí İí ÇáãÚÊÇÏ¿,Does this shop normally sell couscous? ,yes,,"selected(${q_shop_type},'general_store')",quick,,,,,,,,,
begin group ,group_couscous,ÇáßÓßÓí,Couscous,,,"selected(${q_sell_couscous},'yes')",,,,,,,,,,
select_one yes_no,q_couscous_available_in_shop,åá ÇáßÓßÓí ãÊæİÑ ÍÇáíÇ İí ÇáãÊÌÑ¿,Is couscous currently available in this shop?,yes,,,quick,,,,,,,,,
select_one yes_no,q_couscous_quantity1,åá íÈÇÚ ÈÇáßíáæÛÑÇã ÇáæÇÍÏ¿,Is it sold by 1 kilo? ,yes,,"selected(${q_couscous_available_in_shop},'yes')",quick,,,,,,,,,
decimal,q_couscous_quantity2,"ÇĞÇ ßÇä íÈÇÚ ÈßãíÉ ãÎÊáİÉ Úä 1 ßíáæ ÛÑÇã , ÇßÊÈ ÇáßãíÉ  ÈÇáßíáæ ÛÑÇã","If it is sold by a quantity different than 1 kilo, write here the quantity (in kilos):",yes,,"selected(${q_couscous_quantity1},'no') and selected(${q_couscous_available_in_shop},'yes')",,.>0,Value must be greater than 0,ÇáŞíãÉ íÌÈ Çä Êßæä ÃßËÑ  ãä 0,,,,,"<span style=""color:red""> ÇáÑÌÇÁ ÇáÇäÊÈÇå ááÓÚÉ ÇáãÍÏÏÉ
 ßíáæ 1 = ÛÑÇã 1000 </span>",
decimal,q_couscous_price,ÇáÓÚÑ ÈÇáÏíäÇÑ ÇááíÈí,Price (Libyan dinar),yes,,"selected(${q_couscous_available_in_shop},'yes')",,.>0,Value must be greater than 0,ÇáŞíãÉ íÌÈ Çä Êßæä ÃßËÑ  ãä 0,,,,Please write the price for the quantity you have just entered,ÑÌÇÁ ÍÏÏ ÓÚÑ ÇáßãíÉ ÇáãÏÎáÉ ÃÚáÇå,
calculate,q_couscous_price_per_kilo,,,,,"selected(${q_couscous_available_in_shop},'yes')",,,,,,,"round(if((selected(${q_couscous_quantity1},'no')), (${q_couscous_price} div ${q_couscous_quantity2}), ${q_couscous_price}),2)",,,
calculate,meb_couscous_price_6halfkg,,,,,"selected(${q_couscous_available_in_shop},'yes')",,,,,,,${q_couscous_price_per_kilo}*6.5,,,
note,q_couscous_price_per_kilo_display,"<span style=""color:red""> ${q_couscous_price_per_kilo} :ÓÚÑ ÇáßÓßÓí ááßíáæ ÇáæÇÍÏ åæ </span>
ÏíäÇÑ áíÈí. ÅĞÇ ßÇäÊ ÇáÇÌÇÈÉ ÃÚáÇå ÛíÑ ãäØŞíÉ Ãæ ÎÇØÆÉ ÇáÑÌÇÁ ãÑÇÌÚÉ ÇáÓÚÑ Ãæ ÇáßãíÉ ÇáÊí ÍÏÏåÇ. ÔßÑÇğ",The price of couscous per 1 kilo is: ${q_couscous_price_per_kilo},,yes,"selected(${q_couscous_available_in_shop},'yes')",,,,,,,,,,
text,q_couscous_brand,"ÇÓã ÇáãÇÑßÉ (Åä áã íæÌÏ ãÇÑßÉ ÇßÊÈ ""áÇ ÔíÁ""",Brand:,,,"selected(${q_couscous_available_in_shop},'yes')",,,,,,,,,,
end group,,,,,,,,,,,,,,,,
select_one yes_no,q_sell_tomatop,åá íÈíÚ åĞÇ ÇáãÍá ãÚÌæä ÇáØãÇØã İí ÇáãÚÊÇÏ¿,Does this shop normally sell tomato paste?,yes,,"selected(${q_shop_type},'general_store') or selected(${q_shop_type},'jameeya')",quick,,,,,,,,,
begin group ,group_tomatop,ÇÑÎÕ ÓÚÑ áãÚÌæä ÇáØãÇØã,Tomato paste,,,"selected(${q_sell_tomatop},'yes')",,,,,,,,,,
select_one yes_no,q_tomatop_available_in_shop,åá ãÚÌæä ÇáØãÇØã ãÊæİÑ ÍÇáíÇ İí ÇáãÊÌÑ¿,Is tomato paste currently available in this shop?,yes,,,quick,,,,,,,,,
select_one yes_no,q_tomatop_quantity1,åá íÈÇÚ È 400 ÛÑÇã¿,Is it sold by 400g? ,yes,,"selected(${q_tomatop_available_in_shop},'yes')",quick,,,,,,,,,
decimal,q_tomatop_quantity2,"ÇĞÇ ßÇä íÈÇÚ ÈßãíÉ ãÎÊáİÉ ÛíÑ 400 ÛÑÇã , ÇßÊÈ ÇáßãíÉ  ÈÇáÛÑÇã","If it is sold by a quantity different than 400g, write the quantity (in grams):",yes,,"selected(${q_tomatop_quantity1},'no') and selected(${q_tomatop_available_in_shop},'yes')",,.>0,Value must be greater than 0,ÇáŞíãÉ íÌÈ Çä Êßæä ÃßËÑ  ãä 0,,,,,"<span style=""color:red""> ÇáÑÌÇÁ ÇáÇäÊÈÇå ááÓÚÉ ÇáãÍÏÏÉ
 ßíáæ 1 = ÛÑÇã 1000 </span>",
decimal,q_tomatop_price,ÇáÓÚÑ ÈÇáÏíäÇÑ ÇááíÈí,Price (Libyan dinar),yes,,"selected(${q_tomatop_available_in_shop},'yes')",,.>0,Value must be greater than 0,ÇáŞíãÉ íÌÈ Çä Êßæä ÃßËÑ  ãä 0,,,,Please write the price for the quantity you have just entered,ÑÌÇÁ ÍÏÏ ÓÚÑ ÇáßãíÉ ÇáãÏÎáÉ ÃÚáÇå,
calculate,q_tomatop_price_per_400g,,,,,"selected(${q_tomatop_available_in_shop},'yes')",,,,,,,"round(if((selected(${q_tomatop_quantity1},'no')), (400*${q_tomatop_price} div ${q_tomatop_quantity2}), ${q_tomatop_price}),2)",,,
calculate,q_tomatop_price_per_kilo,,,,,"selected(${q_tomatop_available_in_shop},'yes')",,,,,,,${q_tomatop_price_per_400g}*2.5,,,
calculate,meb_tomatop_price_7kg,,,,,"selected(${q_tomatop_available_in_shop},'yes')",,,,,,,${q_tomatop_price_per_kilo}*7,,,
note,q_tomatop_price_per_400g_display," <span style=""color:red""> ${q_tomatop_price_per_400g} :ÓÚÑ ãÚÌæä ÇáØãÇØã á400 ÛÑÇã </span>
ÏíäÇÑ áíÈí. ÅĞÇ ßÇäÊ ÇáÇÌÇÈÉ ÃÚáÇå ÛíÑ ãäØŞíÉ Ãæ ÎÇØÆÉ ÇáÑÌÇÁ ãÑÇÌÚÉ ÇáÓÚÑ Ãæ ÇáßãíÉ ÇáÊí ÍÏÏåÇ. ÔßÑÇğ",The price of tomato paste per 400g is: ${q_tomatop_price_per_400g},,yes,"selected(${q_tomatop_available_in_shop},'yes')",,,,,,,,,,
text,q_tomatop_brand,"ÇÓã ÇáãÇÑßÉ (Åä áã íæÌÏ ãÇÑßÉ ÇßÊÈ ""áÇ ÔíÁ""",Brand:,,,"selected(${q_tomatop_available_in_shop},'yes')",,,,,,,,,,
end group,,,,,,,,,,,,,,,,
select_one yes_no,q_sell_chickpeas,åá íÈíÚ åĞÇ ÇáãÍá ÇáÍãÕ İí ÇáãÚÊÇÏ¿,Does this shop normally sell canned chickpeas?,yes,,"selected(${q_shop_type},'general_store')",quick,,,,,,,,,
begin group ,group_chickpeas,ÇáÍãÕ,Canned chickpeas,,,"selected(${q_sell_chickpeas},'yes')",,,,,,,,,,
select_one yes_no,q_chickpeas_available_in_shop,åá ÇáÍãÕ ãÊæİÑ ÍÇáíÇ İí ÇáãÊÌÑ¿,Is canned chickpeas currently available in this shop?,yes,,,quick,,,,,,,,,
select_one yes_no,q_chickpeas_quantity1,åá íÈÇÚ İí ÚáÈ 400 ÛÑÇã¿,Is it sold by cans of 400g? ,yes,,"selected(${q_chickpeas_available_in_shop},'yes')",quick,,,,,,,,,
decimal,q_chickpeas_quantity2,"ÇĞÇ ßÇä íÈÇÚ ÈßãíÉ ãÎÊáİÉ ÛíÑ 400 ÛÑÇã , ÇßÊÈ ÇáßãíÉ ÈÇáÛÑÇã","If it is sold by a quantity different than 400g, write here the quantity (in grams):",yes,,"selected(${q_chickpeas_quantity1},'no') and selected(${q_chickpeas_available_in_shop},'yes')",,.>0,Value must be greater than 0,ÇáŞíãÉ íÌÈ Çä Êßæä ÃßËÑ  ãä 0,,,,,"<span style=""color:red""> ÇáÑÌÇÁ ÇáÇäÊÈÇå ááÓÚÉ ÇáãÍÏÏÉ
 ßíáæ 1 = ÛÑÇã 1000 </span>",
decimal,q_chickpeas_price,ÇáÓÚÑ ÈÇáÏíäÇÑ ÇááíÈí,Price (Libyan dinar),yes,,"selected(${q_chickpeas_available_in_shop},'yes')",,.>0,Value must be greater than 0,ÇáŞíãÉ íÌÈ Çä Êßæä ÃßËÑ  ãä 0,,,,Please write the price for the quantity you have just entered,ÑÌÇÁ ÍÏÏ ÓÚÑ ÇáßãíÉ ÇáãÏÎáÉ ÃÚáÇå,
calculate,q_chickpeas_price_per_400g,,,,,"selected(${q_chickpeas_available_in_shop},'yes')",,,,,,,"round(if((selected(${q_chickpeas_quantity1},'no')), (400 * ${q_chickpeas_price} div ${q_chickpeas_quantity2}), ${q_chickpeas_price}),2)",,,
note,q_chickpeas_price_per_400g_display," <span style=""color:red""> ${q_chickpeas_price_per_400g} :ÓÚÑ 400 ÛÑÇã ãä ÇáÍãÕ åæ </span>
ÏíäÇÑ áíÈí. ÅĞÇ ßÇäÊ ÇáÇÌÇÈÉ ÃÚáÇå ÛíÑ ãäØŞíÉ Ãæ ÎÇØÆÉ ÇáÑÌÇÁ ãÑÇÌÚÉ ÇáÓÚÑ Ãæ ÇáßãíÉ ÇáÊí ÍÏÏåÇ. ÔßÑÇğ",The price of 400g chickpeas is: ${q_chickpeas_price_per_400g},,yes,"selected(${q_chickpeas_available_in_shop},'yes')",,,,,,,,,,
text,q_chickpeas_brand,"ÇÓã ÇáãÇÑßÉ (Åä áã íæÌÏ ãÇÑßÉ ÇßÊÈ ""áÇ ÔíÁ""",Brand:,,,"selected(${q_chickpeas_available_in_shop},'yes')",,,,,,,,,,
end group,,,,,,,,,,,,,,,,
select_one yes_no,q_sell_beans,åá íÈíÚ åĞÇ ÇáãÍá ÍÈÇÊ İÇÕæáíÇ ãÚáÈÉ İí ÇáãÚÊÇÏ¿,Does this shop normally sell canned beans?,yes,,"selected(${q_shop_type},'general_store')",quick,,,,,,,,,
begin group ,group_beans,ÍÈÇÊ İÇÕæáíÇ ãÚáÈÉ ,Canned beans,,,"selected(${q_sell_beans},'yes')",,,,,,,,,,
select_one yes_no,q_beans_available_in_shop,åá ÍÈÇÊ ÇáİÇÕæáíÇ ÇáãÚáÈÉ  ãÊæİÑÉ ÍÇáíÇ İí ÇáãÊÌÑ¿,Are beans currently available in this shop?,yes,,,quick,,,,,,,,,
select_one yes_no,q_beans_quantity1,åá íÈÇÚ İí ÚáÈ 400 ÛÑÇã¿,Are they sold by cans of 400g? ,yes,,"selected(${q_beans_available_in_shop},'yes')",quick,,,,,,,,,
decimal,q_beans_quantity2,"ÇĞÇ ßÇä íÈÇÚ ÈßãíÉ ãÎÊáİÉ ÛíÑ 400 ÛÑÇã , ÇßÊÈ ÇáßãíÉ  ÈÇáÛÑÇã","If it is sold by a quantity different than 400g, write here the quantity (in grams):",yes,,"selected(${q_beans_quantity1},'no') and selected(${q_beans_available_in_shop},'yes')",,.>0,Value must be greater than 0,ÇáŞíãÉ íÌÈ Çä Êßæä ÃßËÑ  ãä 0,,,,,"<span style=""color:red""> ÇáÑÌÇÁ ÇáÇäÊÈÇå ááÓÚÉ ÇáãÍÏÏÉ
 ßíáæ 1 = ÛÑÇã 1000 </span>",
decimal,q_beans_price,ÇáÓÚÑ ÈÇáÏíäÇÑ ÇááíÈí,Price (Libyan dinar),yes,,"selected(${q_beans_available_in_shop},'yes')",,.>0,Value must be greater than 0,ÇáŞíãÉ íÌÈ Çä Êßæä ÃßËÑ  ãä 0,,,,Please write the price for the quantity you have just entered,ÑÌÇÁ ÍÏÏ ÓÚÑ ÇáßãíÉ ÇáãÏÎáÉ ÃÚáÇå,
calculate,q_beans_price_per_400g,,,,,"selected(${q_beans_available_in_shop},'yes')",,,,,,,"round(if((selected(${q_beans_quantity1},'no')), (400 * ${q_beans_price} div ${q_beans_quantity2}), ${q_beans_price}),2)",,,
calculate,q_beans_price_per_kilo,,,,,"selected(${q_beans_available_in_shop},'yes')",,,,,,,${q_beans_price_per_400g}*2.5,,,
calculate,meb_beans_price_7kg,,,,,"selected(${q_beans_available_in_shop},'yes')",,,,,,,${q_beans_price_per_kilo}*7,,,
note,q_beans_price_per_400g_display,"<span style=""color:red""> ${q_beans_price_per_400g} ÓÚÑ 400 ÛÑÇã ãä ÍÈÇÊ ÇáİÇÕæáíÇ ÇáãÚáÈÉ  åæ  </span>
ÏíäÇÑ áíÈí. ÅĞÇ ßÇäÊ ÇáÇÌÇÈÉ ÃÚáÇå ÛíÑ ãäØŞíÉ Ãæ ÎÇØÆÉ ÇáÑÌÇÁ ãÑÇÌÚÉ ÇáÓÚÑ Ãæ ÇáßãíÉ ÇáÊí ÍÏÏåÇ. ÔßÑÇğ",The price of 400g canned beans is: ${q_beans_price_per_400g},,yes,"selected(${q_beans_available_in_shop},'yes')",,,,,,,,,,
text,q_beans_brand,"ÇÓã ÇáãÇÑßÉ (Åä áã íæÌÏ ãÇÑßÉ ÇßÊÈ ""áÇ ÔíÁ""",Brand:,,,"selected(${q_beans_available_in_shop},'yes')",,,,,,,,,,
end group,,,,,,,,,,,,,,,,
select_one yes_no,q_sell_cmilk,åá íÈíÚ åĞÇ ÇáãÍá ÇáÍáíÈ ÇáãÑßÒ İí ÇáãÚÊÇÏ¿,Does this shop normally sell condensed milk?,yes,,"selected(${q_shop_type},'general_store')",quick,,,,,,,,,
begin group ,group_cmilk, ÇáÍáíÈ ÇáãÑßÒ,Condensed milk,,,"selected(${q_sell_cmilk},'yes')",,,,,,,,,,
select_one yes_no,q_cmilk_available_in_shop,åá  ÇáÍáíÈ ÇáãÑßÒ ãÊæİÑ ÍÇáíÇ İí ÇáãÊÌÑ¿,Is condensed milk currently available in this shop?,yes,,,quick,,,,,,,,,
select_one yes_no,q_cmilk_quantity1,åá íÈÇÚ İí ÚáÈ 200 ãáá¿,Is it sold by cans of 200ml? ,yes,,"selected(${q_cmilk_available_in_shop},'yes')",quick,,,,,,,,,
decimal,q_cmilk_quantity2,"ÇĞÇ ßÇä íÈÇÚ ÈßãíÉ ãÎÊáİÉ Úä 200 ãáá , ÇßÊÈ ÇáßãíÉ ÈÇáãáá ","If it is sold by a quantity different than 200ml, write here the quantity (in ml):",yes,,"selected(${q_cmilk_quantity1},'no') and selected(${q_cmilk_available_in_shop},'yes')",,.>0,Value must be greater than 0,ÇáŞíãÉ íÌÈ Çä Êßæä ÃßËÑ  ãä 0,,,,,"<span style=""color:red""> áÊÑ 1 = ãá 1000 ÇáÑÌÇÁ ÇáÇäÊÈÇå ááÓÚÉ ÇáãÍÏÏÉ </span>",
decimal,q_cmilk_price,ÇáÓÚÑ ÈÇáÏíäÇÑ ÇááíÈí,Price (Libyan dinar),yes,,"selected(${q_cmilk_available_in_shop},'yes')",,.>0,Value must be greater than 0,ÇáŞíãÉ íÌÈ Çä Êßæä ÃßËÑ  ãä 0,,,,Please write the price for the quantity you have just entered,ÑÌÇÁ ÍÏÏ ÓÚÑ ÇáßãíÉ ÇáãÏÎáÉ ÃÚáÇå,
calculate,q_cmilk_price_per_200ml,,,,,"selected(${q_cmilk_available_in_shop},'yes')",,,,,,,"round(if((selected(${q_cmilk_quantity1},'no')), (200 * ${q_cmilk_price} div ${q_cmilk_quantity2}), ${q_cmilk_price}),2)",,,
note,q_cmilk_price_per_200ml_display,"<span style=""color:red""> ${q_cmilk_price_per_200ml} :ÓÚÑ 200 ãáá ãä  ÇáÍáíÈ ÇáãÑßÒ åæ </span>
ÏíäÇÑ áíÈí. ÅĞÇ ßÇäÊ ÇáÇÌÇÈÉ ÃÚáÇå ÛíÑ ãäØŞíÉ Ãæ ÎÇØÆÉ ÇáÑÌÇÁ ãÑÇÌÚÉ ÇáÓÚÑ Ãæ ÇáßãíÉ ÇáÊí ÍÏÏåÇ. ÔßÑÇğ",The price of 200ml condensed milk is: ${q_cmilk_price_per_200ml},,yes,"selected(${q_cmilk_available_in_shop},'yes')",,,,,,,,,,
text,q_cmilk_brand,"ÇÓã ÇáãÇÑßÉ (Åä áã íæÌÏ ãÇÑßÉ ÇßÊÈ ""áÇ ÔíÁ""",Brand:,,,"selected(${q_cmilk_available_in_shop},'yes')",,,,,,,,,,
end group,,,,,,,,,,,,,,,,
select_one yes_no,q_sell_milk,åá íÈíÚ åĞÇ ÇáãÍá ÇáÍáíÈ İí ÇáãÚÊÇÏ¿,Does this shop normally sell milk?,yes,,"selected(${q_shop_type},'general_store')",quick,,,,,,,,,
begin group ,group_milk, ÇáÍáíÈ ,Milk,,,"selected(${q_sell_milk},'yes')",,,,,,,,,,
select_one yes_no,q_milk_available_in_shop,åá  ÇáÍáíÈ ãÊæİÑ ÍÇáíÇ İí ÇáãÊÌÑ¿,Is milk currently available in this shop?,yes,,,quick,,,,,,,,,
select_one yes_no,q_milk_quantity1,åá íÈÇÚ İí ÚáÈ ßÑÊæä 1 áÊÑ¿,Is it sold by cartons of 1 liter? ,yes,,"selected(${q_milk_available_in_shop},'yes')",quick,,,,,,,,,
decimal,q_milk_quantity2,"ÇĞÇ ßÇä íÈÇÚ ÈßãíÉ ãÎÊáİÉ Úä 1 áÊÑ , ÇßÊÈ ÇáßãíÉ ÈÇááÊÑ","If it is sold by a quantity different than 1 liter, write here the quantity (in liters):",yes,,"selected(${q_milk_quantity1},'no') and selected(${q_milk_available_in_shop},'yes')",,.>0,Value must be greater than 0,ÇáŞíãÉ íÌÈ Çä Êßæä ÃßËÑ  ãä 0,,,,,"<span style=""color:red""> áÊÑ 1 = ãá 1000 ÇáÑÌÇÁ ÇáÇäÊÈÇå ááÓÚÉ ÇáãÍÏÏÉ </span>",
decimal,q_milk_price,ÇáÓÚÑ ÈÇáÏíäÇÑ ÇááíÈí,Price (Libyan dinar),yes,,"selected(${q_milk_available_in_shop},'yes')",,.>0,Value must be greater than 0,ÇáŞíãÉ íÌÈ Çä Êßæä ÃßËÑ  ãä 0,,,,Please write the price for the quantity you have just entered,ÑÌÇÁ ÍÏÏ ÓÚÑ ÇáßãíÉ ÇáãÏÎáÉ ÃÚáÇå,
calculate,q_milk_price_per_liter,,,,,"selected(${q_milk_available_in_shop},'yes')",,,,,,,"round(if((selected(${q_milk_quantity1},'no')), (${q_milk_price} div ${q_milk_quantity2}), ${q_milk_price}),2)",,,
calculate,meb_milk_price_10l,,,,,"selected(${q_milk_available_in_shop},'yes')",,,,,,,${q_milk_price_per_liter}*10,,,
note,q_milk_price_per_liter_display,"<span style=""color:red""> ${q_milk_price_per_liter} :ÓÚÑ 1 áÊÑ ãä  ÇáÍáíÈ åæ </span>
ÏíäÇÑ áíÈí. ÅĞÇ ßÇäÊ ÇáÇÌÇÈÉ ÃÚáÇå ÛíÑ ãäØŞíÉ Ãæ ÎÇØÆÉ ÇáÑÌÇÁ ãÑÇÌÚÉ ÇáÓÚÑ Ãæ ÇáßãíÉ ÇáÊí ÍÏÏåÇ. ÔßÑÇğ",The price of 1 liter milk is: ${q_milk_price_per_liter},,yes,"selected(${q_milk_available_in_shop},'yes')",,,,,,,,,,
text,q_milk_brand,"ÇÓã ÇáãÇÑßÉ (Åä áã íæÌÏ ãÇÑßÉ ÇßÊÈ ""áÇ ÔíÁ""",Brand:,,,"selected(${q_milk_available_in_shop},'yes')",,,,,,,,,,
end group,,,,,,,,,,,,,,,,
select_one yes_no,q_sell_gtea,åá íÈíÚ åĞÇ ÇáãÍá ÔÇí ÃÎÖÑ İí ÇáãÚÊÇÏ¿,Does this shop normally sell green tea?,yes,,"selected(${q_shop_type},'general_store') or selected(${q_shop_type},'jameeya')",quick,,,,,,,,,
begin group ,group_gtea,ÔÇí ÃÎÖÑ,Green tea,,,"selected(${q_sell_gtea},'yes')",,,,,,,,,,
select_one yes_no,q_gtea_available_in_shop,åá  ÇáÔÇí ÇáÃÎÖÑ ãÊæİÑ ÍÇáíÇ İí ÇáãÊÌÑ¿,Is green tea currently available in this shop?,yes,,,quick,,,,,,,,,
select_one yes_no,q_gtea_quantity1,åá íÈÇÚ İí ÃßíÇÓ 250 ÛÑÇã¿,Is it sold by bags of 250g? ,yes,,"selected(${q_gtea_available_in_shop},'yes')",quick,,,,,,,,,
decimal,q_gtea_quantity2,"ÇĞÇ ßÇä íÈÇÚ ÈßãíÉ ãÎÊáİÉ Úä 250 ÛÑÇã , ÇßÊÈ ÇáßãíÉ  ÈÇáÛÑÇã","If it is sold by a quantity different than 250g, write here the quantity (in grams):",yes,,"selected(${q_gtea_quantity1},'no') and selected(${q_gtea_available_in_shop},'yes')",,.>0,Value must be greater than 0,ÇáŞíãÉ íÌÈ Çä Êßæä ÃßËÑ  ãä 0,,,,,"<span style=""color:red""> ÇáÑÌÇÁ ÇáÇäÊÈÇå ááÓÚÉ ÇáãÍÏÏÉ
 ßíáæ 1 = ÛÑÇã 1000 </span>",
decimal,q_gtea_price,ÇáÓÚÑ ÈÇáÏíäÇÑ ÇááíÈí,Price (Libyan dinar),yes,,"selected(${q_gtea_available_in_shop},'yes')",,.>0,Value must be greater than 0,ÇáŞíãÉ íÌÈ Çä Êßæä ÃßËÑ  ãä 0,,,,Please write the price for the quantity you have just entered,ÑÌÇÁ ÍÏÏ ÓÚÑ ÇáßãíÉ ÇáãÏÎáÉ ÃÚáÇå,
calculate,q_gtea_price_per_250g,,,,,"selected(${q_gtea_available_in_shop},'yes')",,,,,,,"round(if((selected(${q_gtea_quantity1},'no')), (250 * ${q_gtea_price} div ${q_gtea_quantity2}), ${q_gtea_price}),2)",,,
note,q_gtea_price_per_250g_display,"<span style=""color:red""> ${q_gtea_price_per_250g} :ÓÚÑ 250 ÛÑÇã ãä  ÇáÔÇí ÇáÃÎÖÑ åæ </span>
ÏíäÇÑ áíÈí. ÅĞÇ ßÇäÊ ÇáÇÌÇÈÉ ÃÚáÇå ÛíÑ ãäØŞíÉ Ãæ ÎÇØÆÉ ÇáÑÌÇÁ ãÑÇÌÚÉ ÇáÓÚÑ Ãæ ÇáßãíÉ ÇáÊí ÍÏÏåÇ. ÔßÑÇğ",The price of 250g green tea is: ${q_gtea_price_per_250g},,yes,"selected(${q_gtea_available_in_shop},'yes')",,,,,,,,,,
text,q_gtea_brand,"ÇÓã ÇáãÇÑßÉ (Åä áã íæÌÏ ãÇÑßÉ ÇßÊÈ ""áÇ ÔíÁ""",Brand: ,,,"selected(${q_gtea_available_in_shop},'yes')",,,,,,,,,,
end group,,,,,,,,,,,,,,,,
select_one yes_no,q_sell_btea,åá íÈíÚ åĞÇ ÇáãÍá ÔÇí ÃÍãÑ İí ÇáãÚÊÇÏ¿,Does this shop normally sell black tea?,yes,,"selected(${q_shop_type},'general_store') or selected(${q_shop_type},'jameeya')",quick,,,,,,,,,
begin group ,group_btea,ÔÇí ÃÍãÑ,Black tea,,,"selected(${q_sell_btea},'yes')",,,,,,,,,,
select_one yes_no,q_btea_available_in_shop,åá  ÇáÔÇí ÇáÃÍãÑ ãÊæİÑ ÍÇáíÇ İí ÇáãÊÌÑ¿,Is black tea currently available in this shop?,yes,,,quick,,,,,,,,,
select_one yes_no,q_btea_quantity1,åá íÈÇÚ İí ÃßíÇÓ 250 ÛÑÇã¿,Is it sold by bags of 250g? ,yes,,"selected(${q_btea_available_in_shop},'yes')",quick,,,,,,,,,
decimal,q_btea_quantity2,"ÇĞÇ ßÇä íÈÇÚ ÈßãíÉ ãÎÊáİÉ Úä 250 ÛÑÇã , ÇßÊÈ ÇáßãíÉ  ÈÇáÛÑÇã","If it is sold by a quantity different than 250g, write here the quantity (in grams):",yes,,"selected(${q_btea_quantity1},'no') and selected(${q_btea_available_in_shop},'yes')",,.>0,Value must be greater than 0,ÇáŞíãÉ íÌÈ Çä Êßæä ÃßËÑ  ãä 0,,,,,"<span style=""color:red""> ÇáÑÌÇÁ ÇáÇäÊÈÇå ááÓÚÉ ÇáãÍÏÏÉ
 ßíáæ 1 = ÛÑÇã 1000 </span>",
decimal,q_btea_price,ÇáÓÚÑ ÈÇáÏíäÇÑ ÇááíÈí,Price (Libyan dinar),yes,,"selected(${q_btea_available_in_shop},'yes')",,.>0,Value must be greater than 0,ÇáŞíãÉ íÌÈ Çä Êßæä ÃßËÑ  ãä 0,,,,Please write the price for the quantity you have just entered,ÑÌÇÁ ÍÏÏ ÓÚÑ ÇáßãíÉ ÇáãÏÎáÉ ÃÚáÇå,
calculate,q_btea_price_per_250g,,,,,"selected(${q_btea_available_in_shop},'yes')",,,,,,,"round(if((selected(${q_btea_quantity1},'no')), (250 * ${q_btea_price} div ${q_btea_quantity2}), ${q_btea_price}),2)",,,
calculate,q_btea_price_per_kilo,,,,,"selected(${q_btea_available_in_shop},'yes')",,,,,,,${q_btea_price_per_250g}*4,,,
calculate,meb_btea_price_2kg,,,,,"selected(${q_btea_available_in_shop},'yes')",,,,,,,${q_btea_price_per_kilo}*2,,,
note,q_btea_price_per_250g_display,"<span style=""color:red""> ${q_btea_price_per_250g} :ÓÚÑ 250 ÛÑÇã ãä  ÇáÔÇí ÇáÃÍãÑ åæ </span>
ÏíäÇÑ áíÈí. ÅĞÇ ßÇäÊ ÇáÇÌÇÈÉ ÃÚáÇå ÛíÑ ãäØŞíÉ Ãæ ÎÇØÆÉ ÇáÑÌÇÁ ãÑÇÌÚÉ ÇáÓÚÑ Ãæ ÇáßãíÉ ÇáÊí ÍÏÏåÇ. ÔßÑÇğ",The price of 250g black tea is: ${q_btea_price_per_250g},,yes,"selected(${q_btea_available_in_shop},'yes')",,,,,,,,,,
text,q_btea_brand,"ÇÓã ÇáãÇÑßÉ (Åä áã íæÌÏ ãÇÑßÉ ÇßÊÈ ""áÇ ÔíÁ""",Brand: ,,,"selected(${q_btea_available_in_shop},'yes')",,,,,,,,,,
end group,,,,,,,,,,,,,,,,
select_one yes_no,q_sell_oil,åá íÈíÚ åĞÇ ÇáãÍá ÇáÒíÊ ÇáäÈÇÊí İí ÇáãÚÊÇÏ¿,Does this shop normally sell vegetable oil?,yes,,"selected(${q_shop_type},'general_store') or selected(${q_shop_type},'jameeya')",quick,,,,,,,,,
begin group ,group_oil,ÇÑÎÕ ÓÚÑ ááÒíÊ ÇáäÈÇÊí (ÒíÊ ÇáŞáí),Vegetable oil,,,"selected(${q_sell_oil},'yes')",,,,,,,,,,
select_one yes_no,q_oil_available_in_shop,åá  ÇáÒíÊ ÇáäÈÇÊí ãÊæİÑ ÍÇáíÇ İí ÇáãÊÌÑ¿,Is vegetable oil currently available in this shop?,yes,,,quick,,,,,,,,,
select_one yes_no,q_oil_quantity1,åá íÈÇÚ ÈÇááíÊÑÇáæÇÍÏ¿,Is it sold by 1 liter? ,yes,,"selected(${q_oil_available_in_shop},'yes')",quick,,,,,,,,,
decimal,q_oil_quantity2,"ÇĞÇ ßÇä íÈÇÚ ÈßãíÉ ãÎÊáİÉ Úä 1 áÊÑ , ÇßÊÈ ÇáßãíÉ  ÈÇááÊÑ","If it is sold by a quantity different than 1 liter, write the quantity (in liters):",yes,,"selected(${q_oil_quantity1},'no') and selected(${q_oil_available_in_shop},'yes')",,.>0,Value must be greater than 0,ÇáŞíãÉ íÌÈ Çä Êßæä ÃßËÑ  ãä 0,,,,,"<span style=""color:red""> áÊÑ 1 = ãá 1000 ÇáÑÌÇÁ ÇáÇäÊÈÇå ááÓÚÉ ÇáãÍÏÏÉ </span>",
decimal,q_oil_price,ÇáÓÚÑ ÈÇáÏíäÇÑ ÇááíÈí,Price (Libyan dinar),yes,,"selected(${q_oil_available_in_shop},'yes')",,.>0,Value must be greater than 0,ÇáŞíãÉ íÌÈ Çä Êßæä ÃßËÑ  ãä 0,,,,Please write the price for the quantity you have just entered,ÑÌÇÁ ÍÏÏ ÓÚÑ ÇáßãíÉ ÇáãÏÎáÉ ÃÚáÇå,
calculate,q_oil_price_per_liter,,,,,"selected(${q_oil_available_in_shop},'yes')",,,,,,,"round(if((selected(${q_oil_quantity1},'no')), (${q_oil_price} div ${q_oil_quantity2}), ${q_oil_price}),2)",,,
calculate,meb_oil_price_6l,,,,,"selected(${q_oil_available_in_shop},'yes')",,,,,,,${q_oil_price_per_liter}*6,,,
note,q_oil_price_per_liter_display,"<span style=""color:red""> ${q_oil_price_per_liter} :ÓÚÑ ÇáÒíÊ ÇáäÈÇÊí (ÒíÊ ÇáŞáí) ááÊÑ ÇáæÇÍÏ åæ </span>
ÏíäÇÑ áíÈí. ÅĞÇ ßÇäÊ ÇáÇÌÇÈÉ ÃÚáÇå ÛíÑ ãäØŞíÉ Ãæ ÎÇØÆÉ ÇáÑÌÇÁ ãÑÇÌÚÉ ÇáÓÚÑ Ãæ ÇáßãíÉ ÇáÊí ÍÏÏåÇ. ÔßÑÇğ",The price of vegetable oil per liter is: ${q_oil_price_per_liter},,yes,"selected(${q_oil_available_in_shop},'yes')",,,,,,,,,,
text,q_oil_brand,"ÇÓã ÇáãÇÑßÉ (Åä áã íæÌÏ ãÇÑßÉ ÇßÊÈ ""áÇ ÔíÁ""",Brand ,,,"selected(${q_oil_available_in_shop},'yes')",,,,,,,,,,
end group,,,,,,,,,,,,,,,,
select_one yes_no,q_sell_tuna,åá íÈíÚ åĞÇ ÇáãÍá ÊæäÉ ãÚáÈÉ İí ÇáãÚÊÇÏ¿,Does this shop normally sell canned tuna? ,yes,,"selected(${q_shop_type},'general_store')",quick,,,,,,,,,
begin group ,group_tuna,ÊæäÉ ãÚáÈÉ,Canned tuna,,,"selected(${q_sell_tuna},'yes')",,,,,,,,,,
select_one yes_no,q_tuna_available_in_shop,åá  ÇáÊæäÉ ÇáãÚáÈÉ ãÊæİÑÉ ÍÇáíÇ İí ÇáãÊÌÑ¿,Is canned tuna currently available in this shop?,yes,,,quick,,,,,,,,,
select_one yes_no,q_tuna_quantity1,åá ÊÈÇÚ İí ÚáÈ ĞÇÊ 200 ÛÑÇã¿,Is it sold by cans of 200g? ,yes,,"selected(${q_tuna_available_in_shop},'yes')",quick,,,,,,,,,
decimal,q_tuna_quantity2,"ÇĞÇ ßÇäÊ ÊÈÇÚ ÈßãíÉ ãÎÊáİÉ Úä 200 ÛÑÇã , ÇßÊÈ ÇáßãíÉ ÈÇáÛÑÇã","If it is sold by a quantity different than 200g, write here the quantity (in grams):",yes,,"selected(${q_tuna_quantity1},'no') and selected(${q_tuna_available_in_shop},'yes')",,.>0,Value must be greater than 0,ÇáŞíãÉ íÌÈ Çä Êßæä ÃßËÑ  ãä 0,,,,,"<span style=""color:red""> ÇáÑÌÇÁ ÇáÇäÊÈÇå ááÓÚÉ ÇáãÍÏÏÉ
 ßíáæ 1 = ÛÑÇã 1000 </span>",
decimal,q_tuna_price,ÇáÓÚÑ ÈÇáÏíäÇÑ ÇááíÈí,Price (Libyan dinar),yes,,"selected(${q_tuna_available_in_shop},'yes')",,.>0,Value must be greater than 0,ÇáŞíãÉ íÌÈ Çä Êßæä ÃßËÑ  ãä 0,,,,Please write the price for the quantity you have just entered,ÑÌÇÁ ÍÏÏ ÓÚÑ ÇáßãíÉ ÇáãÏÎáÉ ÃÚáÇå,
calculate,q_tuna_price_per_200g,,,,,"selected(${q_tuna_available_in_shop},'yes')",,,,,,,"round(if((selected(${q_tuna_quantity1},'no')), (200 * ${q_tuna_price} div ${q_tuna_quantity2}), ${q_tuna_price}),2)",,,
calculate,q_tuna_price_per_kilo,,,,,"selected(${q_tuna_available_in_shop},'yes')",,,,,,,${q_tuna_price_per_200g}*5,,,
calculate,meb_tuna_price_4halfkg,,,,,"selected(${q_tuna_available_in_shop},'yes')",,,,,,,${q_tuna_price_per_kilo}*4.5,,,
note,q_tuna_price_per_200g_display,"<span style=""color:red""> ${q_tuna_price_per_200g} :ÓÚÑ200 ÛÑÇã ãä ÇáÊæäÉ ÇáãÚáÈÉ  åæ </span>
ÏíäÇÑ áíÈí. ÅĞÇ ßÇäÊ ÇáÇÌÇÈÉ ÃÚáÇå ÛíÑ ãäØŞíÉ Ãæ ÎÇØÆÉ ÇáÑÌÇÁ ãÑÇÌÚÉ ÇáÓÚÑ Ãæ ÇáßãíÉ ÇáÊí ÍÏÏåÇ. ÔßÑÇğ",The price of 200g tuna is: ${q_tuna_price_per_200g},,yes,"selected(${q_tuna_available_in_shop},'yes')",,,,,,,,,,
text,q_tuna_brand,"ÇÓã ÇáãÇÑßÉ (Åä áã íæÌÏ ãÇÑßÉ ÇßÊÈ ""áÇ ÔíÁ""",Brand: ,,,"selected(${q_tuna_available_in_shop},'yes')",,,,,,,,,,
end group,,,,,,,,,,,,,,,,
select_one yes_no,q_sell_eggs,åá íÈíÚ åĞÇ ÇáãÍá ÇáÈíÖ İí ÇáãÚÊÇÏ¿,Does this shop normally sell eggs?,yes,,"selected(${q_shop_type},'general_store')",quick,,,,,,,,,
begin group ,group_eggs,ÈíÖ,Eggs,,,"selected(${q_sell_eggs},'yes')",,,,,,,,,,
select_one yes_no,q_eggs_available_in_shop,åá  ÇáÈíÖ ãÊæİÑ ÍÇáíÇ İí ÇáãÊÌÑ¿,Are eggs currently available in this shop?,yes,,,quick,,,,,,,,,
select_one yes_no,q_eggs_quantity1,åá ÊÈÇÚ È30 ÈíÖÉ¿,Is it sold by 30 eggs? ,yes,,"selected(${q_eggs_available_in_shop},'yes')",quick,,,,,,,,,
decimal,q_eggs_quantity2,"ÇĞÇ ßÇäÊ ÊÈÇÚ ÈßãíÉ ãÎÊáİÉ Úä 30 ÈíÖÉ , ÇßÊÈ ÇáßãíÉ ÈÚÏÏ ÇáÈíÖÇÊ","If it is sold by a quantity different than 30 eggs, write here the quantity (number of eggs):",yes,,"selected(${q_eggs_quantity1},'no') and selected(${q_eggs_available_in_shop},'yes')",,.>0,Value must be greater than 0,ÇáŞíãÉ íÌÈ Çä Êßæä ÃßËÑ  ãä 0,,,,,,
decimal,q_eggs_price,ÇáÓÚÑ ÈÇáÏíäÇÑ ÇááíÈí,Price (Libyan dinar),yes,,"selected(${q_eggs_available_in_shop},'yes')",,.>0,Value must be greater than 0,ÇáŞíãÉ íÌÈ Çä Êßæä ÃßËÑ  ãä 0,,,,Please write the price for the quantity you have just entered,ÑÌÇÁ ÍÏÏ ÓÚÑ ÇáßãíÉ ÇáãÏÎáÉ ÃÚáÇå,
calculate,q_eggs_price_per_30eggs,,,,,"selected(${q_eggs_available_in_shop},'yes')",,,,,,,"round(if((selected(${q_eggs_quantity1},'no')), (30 * ${q_eggs_price} div ${q_eggs_quantity2}), ${q_eggs_price}),2)",,,
calculate,meb_eggs_price_4halfkg,,,,,"selected(${q_eggs_available_in_shop},'yes')",,,,,,,${q_eggs_price_per_30eggs}*4.5,,,
note,q_eggs_price_per_30eggs_display,"<span style=""color:red""> ${q_eggs_price_per_30eggs} :ÓÚÑ30 ÈíÖÉ åæ </span>
ÏíäÇÑ áíÈí. ÅĞÇ ßÇäÊ ÇáÇÌÇÈÉ ÃÚáÇå ÛíÑ ãäØŞíÉ Ãæ ÎÇØÆÉ ÇáÑÌÇÁ ãÑÇÌÚÉ ÇáÓÚÑ Ãæ ÇáßãíÉ ÇáÊí ÍÏÏåÇ. ÔßÑÇğ",The price of eggs per 30 eggs is: ${q_eggs_price_per_30eggs},,yes,"selected(${q_eggs_available_in_shop},'yes')",,,,,,,,,,
text,q_eggs_brand,"ÇÓã ÇáãÇÑßÉ (Åä áã íæÌÏ ãÇÑßÉ ÇßÊÈ ""áÇ ÔíÁ""",Brand: ,,,"selected(${q_eggs_available_in_shop},'yes')",,,,,,,,,,
end group,,,,,,,,,,,,,,,,
select_one yes_no,q_sell_chicken,åá íÈíÚ åĞÇ ÇáãÍá áÍã ÇáÏÌÇÌ İí ÇáãÚÊÇÏ¿,Does this shop normally sell chicken meat?,yes,,"selected(${q_shop_type},'general_store') or selected(${q_shop_type},'butcher') or selected(${q_shop_type},'central_market')",quick,,,,,,,,,
begin group ,group_chicken,ÇÑÎÕ ÓÚÑ ááÍã ÇáÏÌÇÌ,Chicken meat,,,"selected(${q_sell_chicken},'yes')",,,,,,,,,,
select_one yes_no,q_chicken_available_in_shop,åá  áÍã ÇáÏÌÇÌ ãÊæİÑ ÍÇáíÇ İí ÇáãÊÌÑ¿,Is chicken meat currently available in this shop?,yes,,,quick,,,,,,,,,
select_one yes_no,q_chicken_quantity1,åá íÈÇÚ ÈÇáßíáæÛÑÇã ÇáæÇÍÏ¿,Is it sold by 1 kilo? ,yes,,"selected(${q_chicken_available_in_shop},'yes')",quick,,,,,,,,,
decimal,q_chicken_quantity2,"ÇĞÇ ßÇä íÈÇÚ ÈßãíÉ ãÎÊáİÉ Úä 1 ßíáæ ÛÑÇã , ÇßÊÈ ÇáßãíÉ ÈÇáßíáæ ÛÑÇã","If it is sold by a quantity different than 1 kilo, write the quantity (in kilos):",yes,,"selected(${q_chicken_quantity1},'no') and selected(${q_chicken_available_in_shop},'yes')",,.>0,Value must be greater than 0,ÇáŞíãÉ íÌÈ Çä Êßæä ÃßËÑ  ãä 0,,,,,"<span style=""color:red""> ÇáÑÌÇÁ ÇáÇäÊÈÇå ááÓÚÉ ÇáãÍÏÏÉ
 ßíáæ 1 = ÛÑÇã 1000 </span>",
decimal,q_chicken_price,ÇáÓÚÑ ÈÇáÏíäÇÑ ÇááíÈí,Price (Libyan dinar),yes,,"selected(${q_chicken_available_in_shop},'yes')",,.>0,Value must be greater than 0,ÇáŞíãÉ íÌÈ Çä Êßæä ÃßËÑ  ãä 0,,,,Please write the price for the quantity you have just entered,ÑÌÇÁ ÍÏÏ ÓÚÑ ÇáßãíÉ ÇáãÏÎáÉ ÃÚáÇå,
calculate,q_chicken_price_per_kilo,,,,,"selected(${q_chicken_available_in_shop},'yes')",,,,,,,"round(if((selected(${q_chicken_quantity1},'no')), (${q_chicken_price} div ${q_chicken_quantity2}), ${q_chicken_price}),2)",,,
calculate,meb_chicken_price_9kg,,,,,"selected(${q_chicken_available_in_shop},'yes')",,,,,,,${q_chicken_price_per_kilo}*9,,,
note,q_chicken_price_per_kilo_display,"<span style=""color:red""> ${q_chicken_price_per_kilo} :ÓÚÑ áÍã ÇáÏÌÇÌ ááßíáæ ÇáæÇÍÏ åæ </span>
ÏíäÇÑ áíÈí. ÅĞÇ ßÇäÊ ÇáÇÌÇÈÉ ÃÚáÇå ÛíÑ ãäØŞíÉ Ãæ ÎÇØÆÉ ÇáÑÌÇÁ ãÑÇÌÚÉ ÇáÓÚÑ Ãæ ÇáßãíÉ ÇáÊí ÍÏÏåÇ. ÔßÑÇğ",The price of chicken per kilo is: ${q_chicken_price_per_kilo},,yes,"selected(${q_chicken_available_in_shop},'yes')",,,,,,,,,,
text,q_chicken_brand,"ÇÓã ÇáãÇÑßÉ (Åä áã íæÌÏ ãÇÑßÉ ÇßÊÈ ""áÇ ÔíÁ""",Brand ,,,"selected(${q_chicken_available_in_shop},'yes')",,,,,,,,,,
end group,,,,,,,,,,,,,,,,
select_one yes_no,q_sell_lamb,åá íÈíÚ åĞÇ ÇáãÍá áÍã ÇáÎÑæİ İí ÇáãÚÊÇÏ¿,Does this shop normally sell lamb meat?,yes,,"selected(${q_shop_type},'general_store') or selected(${q_shop_type},'butcher') or selected(${q_shop_type},'central_market')",quick,,,,,,,,,
begin group ,group_lamb,áÍã ÇáÎÑæİ,Lamb meat,,,"selected(${q_sell_lamb},'yes')",,,,,,,,,,
select_one yes_no,q_lamb_available_in_shop,åá  áÍã ÇáÎÑæİ ãÊæİÑ ÍÇáíÇ İí ÇáãÊÌÑ¿,Is lamb meat currently available in this shop?,yes,,,quick,,,,,,,,,
select_one yes_no,q_lamb_quantity1,åá íÈÇÚ ÈÇáßíáæÛÑÇã ÇáæÇÍÏ¿,Is it sold by 1 kilo? ,yes,,"selected(${q_lamb_available_in_shop},'yes')",quick,,,,,,,,,
decimal,q_lamb_quantity2,"ÇĞÇ ßÇä íÈÇÚ ÈßãíÉ ãÎÊáİÉ Úä 1 ßíáæ ÛÑÇã , ÇßÊÈ ÇáßãíÉ ÈÇáßíáæ ÛÑÇã","If it is sold by a quantity different than 1 kilo, write the quantity (in kilos):",yes,,"selected(${q_lamb_quantity1},'no') and selected(${q_lamb_available_in_shop},'yes')",,.>0,Value must be greater than 0,ÇáŞíãÉ íÌÈ Çä Êßæä ÃßËÑ  ãä 0,,,,,"<span style=""color:red""> ÇáÑÌÇÁ ÇáÇäÊÈÇå ááÓÚÉ ÇáãÍÏÏÉ
 ßíáæ 1 = ÛÑÇã 1000 </span>",
decimal,q_lamb_price,ÇáÓÚÑ ÈÇáÏíäÇÑ ÇááíÈí,Price (Libyan dinar),yes,,"selected(${q_lamb_available_in_shop},'yes')",,.>0,Value must be greater than 0,ÇáŞíãÉ íÌÈ Çä Êßæä ÃßËÑ  ãä 0,,,,Please write the price for the quantity you have just entered,ÑÌÇÁ ÍÏÏ ÓÚÑ ÇáßãíÉ ÇáãÏÎáÉ ÃÚáÇå,
calculate,q_lamb_price_per_kilo,,,,,"selected(${q_lamb_available_in_shop},'yes')",,,,,,,"round(if((selected(${q_lamb_quantity1},'no')), (${q_lamb_price} div ${q_lamb_quantity2}), ${q_lamb_price}),2)",,,
note,q_lamb_price_per_kilo_display,"<span style=""color:red""> ${q_lamb_price_per_kilo} :ÓÚÑ áÍã ÇáÎÑæİ ááßíáæ ÇáæÇÍÏ åæ </span>
ÏíäÇÑ áíÈí. ÅĞÇ ßÇäÊ ÇáÇÌÇÈÉ ÃÚáÇå ÛíÑ ãäØŞíÉ Ãæ ÎÇØÆÉ ÇáÑÌÇÁ ãÑÇÌÚÉ ÇáÓÚÑ Ãæ ÇáßãíÉ ÇáÊí ÍÏÏåÇ. ÔßÑÇğ",The price of lamb per kilo is: ${q_lamb_price_per_kilo},,yes,"selected(${q_lamb_available_in_shop},'yes')",,,,,,,,,,
text,q_lamb_brand,"ÇÓã ÇáãÇÑßÉ (Åä áã íæÌÏ ãÇÑßÉ ÇßÊÈ ""áÇ ÔíÁ""",Brand ,,,"selected(${q_lamb_available_in_shop},'yes')",,,,,,,,,,
end group,,,,,,,,,,,,,,,,
select_one yes_no,q_sell_bread,åá íÈíÚ åĞÇ ÇáãÍá ÇáÎÈÒ İí ÇáãÚÊÇÏ¿,Does this shop normally sell wheat bread?,yes,,"selected(${q_shop_type},'general_store') or selected(${q_shop_type},'bakery')",quick,,,,,,,,,
begin group ,group_bread,ÇÑÎÕ ÓÚÑ áÎÈÒ ÇáŞãÍ,Wheat bread,,,"selected(${q_sell_bread},'yes')",,,,,,,,,,
select_one yes_no,q_bread_available_in_shop,åá  ÇáÎÈÒ ãÊæİÑ ÍÇáíÇ İí ÇáãÊÌÑ¿,Is wheat bread currently available in this shop?,yes,,,quick,,,,,,,,,
select_one yes_no,q_bread_quantity1,åá íÈÇÚ È 5 ÎÈÒÇÊ ãÊæÓØÉ¿,Is it sold by 5 medium pieces? ,yes,,"selected(${q_bread_available_in_shop},'yes')",quick,,,,,,,,,
integer ,q_bread_quantity2,"ÇĞÇ ßÇä íÈÇÚ ÈßãíÉ ãÎÊáİÉ ÛíÑ 5 ÎÈÒÇÊ , ÇßÊÈ ÇáßãíÉ ÈÚÏÏ ÇáÎÈÒ ãÊæÓØ ÇáÍÌã","If it is sold by a quantity different than 5 medium pieces, write the quantity (in medium pieces):",yes,,"selected(${q_bread_quantity1},'no') and selected(${q_bread_available_in_shop},'yes')",,.>0,Value must be greater than 0,ÇáŞíãÉ íÌÈ Çä Êßæä ÃßËÑ  ãä 0,,,,,,
decimal,q_bread_price,ÇáÓÚÑ ÈÇáÏíäÇÑ ÇááíÈí,Price (Libyan dinar),yes,,"selected(${q_bread_available_in_shop},'yes')",,.>0,Value must be greater than 0,ÇáŞíãÉ íÌÈ Çä Êßæä ÃßËÑ  ãä 0,,,,Please write the price for the quantity you have just entered,ÑÌÇÁ ÍÏÏ ÓÚÑ ÇáßãíÉ ÇáãÏÎáÉ ÃÚáÇå,
calculate,q_bread_price_per_5medium_pieces,,,,,"selected(${q_bread_available_in_shop},'yes')",,,,,,,"round(if((selected(${q_bread_quantity1},'no')), (5 * ${q_bread_price} div ${q_bread_quantity2}), ${q_bread_price}),2)",,,
calculate,meb_bread_price_38kg,,,,,"selected(${q_bread_available_in_shop},'yes')",,,,,,,${q_bread_price_per_5medium_pieces}*38,,,
note,q_bread_price_per_5medium_pieces_display,"<span style=""color:red""> ${q_bread_price_per_5medium_pieces} :ÓÚÑ 5 ÎÈÒÇÊ ãÊæÓØÉ åæ </span>
ÏíäÇÑ áíÈí. ÅĞÇ ßÇäÊ ÇáÇÌÇÈÉ ÃÚáÇå ÛíÑ ãäØŞíÉ Ãæ ÎÇØÆÉ ÇáÑÌÇÁ ãÑÇÌÚÉ ÇáÓÚÑ Ãæ ÇáßãíÉ ÇáÊí ÍÏÏåÇ. ÔßÑÇğ",The price of 5 medium pieces of bread is: ${q_bread_price_per_5medium_pieces},,yes,"selected(${q_bread_available_in_shop},'yes')",,,,,,,,,,
end group,,,,,,,,,,,,,,,,
select_one yes_no,q_sell_tomatoes,åá íÈíÚ åĞÇ ÇáãÍá ÇáØãÇØã ÇáØÇÒÌÉ İí ÇáãÚÊÇÏ¿,Does this shop normally sell fresh tomatoes? ,yes,,"selected(${q_shop_type},'general_store') or selected(${q_shop_type},'vegetable') or selected(${q_shop_type},'central_market')",quick,,,,,,,,,
begin group ,group_tomatoes,ÇÑÎÕ äæÚ ãä ÇáØãÇØã ÇáØÇÒÌÉ¿,Tomatoes,,,"selected(${q_sell_tomatoes},'yes')",,,,,,,,,,
select_one yes_no,q_tomatoes_available_in_shop,åá  ÇáØãÇØã ÇáØÇÒÌÉ ãÊæİÑÉ ÍÇáíÇ İí ÇáãÊÌÑ¿,Are fresh tomatoes currently available in this shop?,yes,,,quick,,,,,,,,,
select_one yes_no,q_tomatoes_quantity1,åá ÊÈÇÚ ÈÇáßíáæÛÑÇã ÇáæÇÍÏ¿,Are they sold by 1 kilo? ,yes,,"selected(${q_tomatoes_available_in_shop},'yes')",quick,,,,,,,,,
decimal,q_tomatoes_quantity2,"ÇĞÇ ßÇä íÈÇÚ ÈßãíÉ ãÎÊáİÉ Úä 1 ßíáæ ÛÑÇã , ÇßÊÈ ÇáßãíÉ  ÈÇáßíáæ ÛÑÇã","If they are sold by a quantity different than 1 kilo, write the quantity (in kilos):",yes,,"selected(${q_tomatoes_quantity1},'no') and selected(${q_tomatoes_available_in_shop},'yes')",,.>0,,,,,,,"<span style=""color:red""> ÇáÑÌÇÁ ÇáÇäÊÈÇå ááÓÚÉ ÇáãÍÏÏÉ
 ßíáæ 1 = ÛÑÇã 1000 </span>",
decimal,q_tomatoes_price,ÇáÓÚÑ ÈÇáÏíäÇÑ ÇááíÈí,Price (Libyan dinar),yes,,"selected(${q_tomatoes_available_in_shop},'yes')",,.>0,Value must be greater than 0,ÇáŞíãÉ íÌÈ Çä Êßæä ÃßËÑ  ãä 0,,,,Please write the price for the quantity you have just entered,ÑÌÇÁ ÍÏÏ ÓÚÑ ÇáßãíÉ ÇáãÏÎáÉ ÃÚáÇå,
calculate,q_tomatoes_price_per_kilo,,,,,"selected(${q_tomatoes_available_in_shop},'yes')",,,,,,,"round(if((selected(${q_tomatoes_quantity1},'no')), (${q_tomatoes_price} div ${q_tomatoes_quantity2}), ${q_tomatoes_price}),2)",,,
calculate,meb_tomatoes_price_12kg,,,,,"selected(${q_tomatoes_available_in_shop},'yes')",,,,,,,${q_tomatoes_price_per_kilo}*12,,,
note,q_tomatoes_price_per_kilo_display,"<span style=""color:red""> ${q_tomatoes_price_per_kilo} :ÓÚÑ ÇáØãÇØã ááßíáæ ÇáæÇÍÏ åæ </span>
ÏíäÇÑ áíÈí. ÅĞÇ ßÇäÊ ÇáÇÌÇÈÉ ÃÚáÇå ÛíÑ ãäØŞíÉ Ãæ ÎÇØÆÉ ÇáÑÌÇÁ ãÑÇÌÚÉ ÇáÓÚÑ Ãæ ÇáßãíÉ ÇáÊí ÍÏÏåÇ. ÔßÑÇğ",The price of tomatoes per kilo is: ${q_tomatoes_price_per_kilo},,yes,"selected(${q_tomatoes_available_in_shop},'yes')",,,,,,,,,,
end group,,,,,,,,,,,,,,,,
select_one yes_no,q_sell_onions,åá íÈíÚ åĞÇ ÇáãÍá ÇáÈÕá ÇáØÇÒÌ İí ÇáãÚÊÇÏ¿,Does this shop normally sell fresh onions? ,yes,,"selected(${q_shop_type},'general_store') or selected(${q_shop_type},'vegetable') or selected(${q_shop_type},'central_market')",quick,,,,,,,,,
begin group ,group_onions,ÇáÈÕá,Onions,,,"selected(${q_sell_onions},'yes')",,,,,,,,,,
select_one yes_no,q_onions_available_in_shop,åá  ÇáÈÕá ÇáØÇÒÌ ãÊæİÑ ÍÇáíÇ İí ÇáãÊÌÑ¿,Are fresh onions currently available in this shop?,yes,,,quick,,,,,,,,,
select_one yes_no,q_onions_quantity1,åá íÈÇÚ ÈÇáßíáæÛÑÇã ÇáæÇÍÏ¿,Are they sold by 1 kilo? ,yes,,"selected(${q_onions_available_in_shop},'yes')",quick,,,,,,,,,
decimal,q_onions_quantity2,"ÇĞÇ ßÇä íÈÇÚ ÈßãíÉ ãÎÊáİÉ Úä 1 ßíáæ ÛÑÇã , ÇßÊÈ ÇáßãíÉ ÈÇáßíáæ ÛÑÇã","If they are sold by a quantity different than 1 kilo, write the quantity (in kilos):",yes,,"selected(${q_onions_quantity1},'no') and selected(${q_onions_available_in_shop},'yes')",,.>0,,,,,,,"<span style=""color:red""> ÇáÑÌÇÁ ÇáÇäÊÈÇå ááÓÚÉ ÇáãÍÏÏÉ
 ßíáæ 1 = ÛÑÇã 1000 </span>",
decimal,q_onions_price,ÇáÓÚÑ ÈÇáÏíäÇÑ ÇááíÈí,Price (Libyan dinar),yes,,"selected(${q_onions_available_in_shop},'yes')",,.>0,Value must be greater than 0,ÇáŞíãÉ íÌÈ Çä Êßæä ÃßËÑ  ãä 0,,,,Please write the price for the quantity you have just entered,ÑÌÇÁ ÍÏÏ ÓÚÑ ÇáßãíÉ ÇáãÏÎáÉ ÃÚáÇå,
calculate,q_onions_price_per_kilo,,,,,"selected(${q_onions_available_in_shop},'yes')",,,,,,,"round(if((selected(${q_onions_quantity1},'no')), (${q_onions_price} div ${q_onions_quantity2}), ${q_onions_price}),2)",,,
calculate,meb_onions_price_8kg,,,,,"selected(${q_onions_available_in_shop},'yes')",,,,,,,${q_onions_price_per_kilo}*8,,,
note,q_onions_price_per_kilo_display,"<span style=""color:red""> ${q_onions_price_per_kilo} :ÓÚÑ ÇáÈÕá ááßíáæ ÇáæÇÍÏ åæ </span>
ÏíäÇÑ áíÈí. ÅĞÇ ßÇäÊ ÇáÇÌÇÈÉ ÃÚáÇå ÛíÑ ãäØŞíÉ Ãæ ÎÇØÆÉ ÇáÑÌÇÁ ãÑÇÌÚÉ ÇáÓÚÑ Ãæ ÇáßãíÉ ÇáÊí ÍÏÏåÇ. ÔßÑÇğ",The price of onions per kilo is: ${q_onions_price_per_kilo},,yes,"selected(${q_onions_available_in_shop},'yes')",,,,,,,,,,
end group,,,,,,,,,,,,,,,,
select_one yes_no,q_sell_pepper,åá íÈíÚ åĞÇ ÇáãÍá Çáİáİá İí ÇáãÚÊÇÏ¿,Does this shop normally sell peppers? ,yes,,"selected(${q_shop_type},'general_store') or selected(${q_shop_type},'vegetable') or selected(${q_shop_type},'central_market')",quick,,,,,,,,,
begin group ,group_pepper,Çáİáİá,Peppers,,,"selected(${q_sell_pepper},'yes')",,,,,,,,,,
select_one yes_no,q_pepper_available_in_shop,åá  Çáİáİá ÇáØÇÒÌ ãÊæİÑ ÍÇáíÇ İí ÇáãÊÌÑ¿,Are peppers currently available in this shop?,yes,,,quick,,,,,,,,,
select_one yes_no,q_pepper_quantity1,åá íÈÇÚ ÈÇáßíáæÛÑÇã ÇáæÇÍÏ¿,Are they sold by 1 kilo? ,yes,,"selected(${q_pepper_available_in_shop},'yes')",quick,,,,,,,,,
decimal,q_pepper_quantity2,"ÇĞÇ ßÇä íÈÇÚ ÈßãíÉ ãÎÊáİÉ Úä 1 ßíáæ ÛÑÇã , ÇßÊÈ ÇáßãíÉ ÈÇáßíáæ ÛÑÇã","If they are sold by a quantity different than 1 kilo, write the quantity (in kilos):",yes,,"selected(${q_pepper_quantity1},'no') and selected(${q_pepper_available_in_shop},'yes')",,.>0,,,,,,,"<span style=""color:red""> ÇáÑÌÇÁ ÇáÇäÊÈÇå ááÓÚÉ ÇáãÍÏÏÉ
 ßíáæ 1 = ÛÑÇã 1000 </span>",
decimal,q_pepper_price,ÇáÓÚÑ ÈÇáÏíäÇÑ ÇááíÈí,Price (Libyan dinar),yes,,"selected(${q_pepper_available_in_shop},'yes')",,.>0,Value must be greater than 0,ÇáŞíãÉ íÌÈ Çä Êßæä ÃßËÑ  ãä 0,,,,Please write the price for the quantity you have just entered,ÑÌÇÁ ÍÏÏ ÓÚÑ ÇáßãíÉ ÇáãÏÎáÉ ÃÚáÇå,
calculate,q_pepper_price_per_kilo,,,,,"selected(${q_pepper_available_in_shop},'yes')",,,,,,,"round(if((selected(${q_pepper_quantity1},'no')), (${q_pepper_price} div ${q_pepper_quantity2}), ${q_pepper_price}),2)",,,
calculate,meb_pepper_price_5kg,,,,,"selected(${q_pepper_available_in_shop},'yes')",,,,,,,${q_pepper_price_per_kilo}*5,,,
note,q_pepper_price_per_kilo_display,"<span style=""color:red""> ${q_pepper_price_per_kilo} :ÓÚÑ Çáİáİá ááßíáæ ÇáæÇÍÏ åæ </span>
ÏíäÇÑ áíÈí. ÅĞÇ ßÇäÊ ÇáÇÌÇÈÉ ÃÚáÇå ÛíÑ ãäØŞíÉ Ãæ ÎÇØÆÉ ÇáÑÌÇÁ ãÑÇÌÚÉ ÇáÓÚÑ Ãæ ÇáßãíÉ ÇáÊí ÍÏÏåÇ. ÔßÑÇğ",The price of peppers per kilo is: ${q_pepper_price_per_kilo},,yes,"selected(${q_pepper_available_in_shop},'yes')",,,,,,,,,,
end group,,,,,,,,,,,,,,,,
select_one yes_no,q_sell_potatoes,åá íÈíÚ åĞÇ ÇáãÍá ÇáÈØÇØÇ İí ÇáãÚÊÇÏ¿,Does this shop normally sell potatoes?,yes,,"selected(${q_shop_type},'general_store') or selected(${q_shop_type},'vegetable') or selected(${q_shop_type},'central_market')",quick,,,,,,,,,
begin group ,group_potatoes,ÇáÈØÇØÇ,Potatoes,,,"selected(${q_sell_potatoes},'yes')",,,,,,,,,,
select_one yes_no,q_potatoes_available_in_shop,åá  ÇáÈØÇØÇ ãÊæİÑÉ ÍÇáíÇ İí ÇáãÊÌÑ¿,Are potatoes currently available in this shop?,yes,,,quick,,,,,,,,,
select_one yes_no,q_potatoes_quantity1,åá ÊÈÇÚ ÈÇáßíáæÛÑÇã ÇáæÇÍÏ¿,Are they sold by 1 kilo? ,yes,,"selected(${q_potatoes_available_in_shop},'yes')",quick,,,,,,,,,
decimal,q_potatoes_quantity2,"ÇĞÇ ßÇä íÈÇÚ ÈßãíÉ ãÎÊáİÉ Úä 1 ßíáæ ÛÑÇã , ÇßÊÈ ÇáßãíÉ ÈÇáßíáæ ÛÑÇã","Are they sold by a quantity different than 1 kilo, write the quantity (in kilos):",yes,,"selected(${q_potatoes_quantity1},'no') and selected(${q_potatoes_available_in_shop},'yes')",,.>0,,,,,,,"<span style=""color:red""> ÇáÑÌÇÁ ÇáÇäÊÈÇå ááÓÚÉ ÇáãÍÏÏÉ
 ßíáæ 1 = ÛÑÇã 1000 </span>",
decimal,q_potatoes_price,ÇáÓÚÑ ÈÇáÏíäÇÑ ÇááíÈí,Price (Libyan dinar),yes,,"selected(${q_potatoes_available_in_shop},'yes')",,.>0,Value must be greater than 0,ÇáŞíãÉ íÌÈ Çä Êßæä ÃßËÑ  ãä 0,,,,Please write the price for the quantity you have just entered,ÑÌÇÁ ÍÏÏ ÓÚÑ ÇáßãíÉ ÇáãÏÎáÉ ÃÚáÇå,
calculate,q_potatoes_price_per_kilo,,,,,"selected(${q_potatoes_available_in_shop},'yes')",,,,,,,"round(if((selected(${q_potatoes_quantity1},'no')), (${q_potatoes_price} div ${q_potatoes_quantity2}), ${q_potatoes_price}),2)",,,
calculate,meb_potatoes_price_14kg,,,,,"selected(${q_potatoes_available_in_shop},'yes')",,,,,,,${q_potatoes_price_per_kilo}*14,,,
note,q_potatoes_price_per_kilo_display,"<span style=""color:red""> ${q_potatoes_price_per_kilo} :ÓÚÑ ÇáÈØÇØÇ ááßíáæ ÇáæÇÍÏ åæ </span>
ÏíäÇÑ áíÈí. ÅĞÇ ßÇäÊ ÇáÇÌÇÈÉ ÃÚáÇå ÛíÑ ãäØŞíÉ Ãæ ÎÇØÆÉ ÇáÑÌÇÁ ãÑÇÌÚÉ ÇáÓÚÑ Ãæ ÇáßãíÉ ÇáÊí ÍÏÏåÇ. ÔßÑÇğ",The price of potatoes per kilo is: ${q_potatoes_price_per_kilo},,yes,"selected(${q_potatoes_available_in_shop},'yes')",,,,,,,,,,
end group,,,,,,,,,,,,,,,,
select_one yes_no,q_sell_hwsoap,åá íÈíÚ åĞÇ ÇáãÍá ÕÇÈæä áÛÓíá ÇáíÏíä İí ÇáãÚÊÇÏ¿,Does this shop normally sell bathing soap? ,yes,,"selected(${q_shop_type},'general_store') or selected(${q_shop_type},'hygiene')",quick,,,,,,,,,
begin group ,group_hwsoap,ÕÇÈæä áÛÓíá ÇáíÏíä,Bathing soap ,,,"selected(${q_sell_hwsoap},'yes')",,,,,,,,,,
select_one yes_no,q_hwsoap_available_in_shop,åá  ÕÇÈæä ÛÓíá ÇáíÏíä ãÊæİÑ ÍÇáíÇ İí ÇáãÊÌÑ¿,Is bathing soap currently available in this shop?,yes,,,quick,,,,,,,,,
select_one yes_no,q_hwsoap_quantity1,åá íÈÇÚ  ÈÇáŞÇáÈ 150 ÛÑÇã ¿,Is it sold by 150-gram ?,yes,,"selected(${q_hwsoap_available_in_shop},'yes')",quick,,,,,,,,,
decimal,q_hwsoap_quantity2,"ÇĞÇ ßÇä íÈÇÚ ÈßãíÉ ãÎÊáİÉ Úä 150 ÛÑÇã ÇáŞÇáÈ , ÇßÊÈ ÇáßãíÉ  ÈÇáÛÑÇã","If it is sold by a quantity different than 150-gram, write the quantity (in bars):",yes,,"selected(${q_hwsoap_quantity1},'no') and selected(${q_hwsoap_available_in_shop},'yes')",,.>0,Value must be greater than 0,ÇáŞíãÉ íÌÈ Çä Êßæä ÃßËÑ  ãä 0,,,,,,
decimal,q_hwsoap_price,ÇáÓÚÑ ÈÇáÏíäÇÑ ÇááíÈí,Price (Libyan dinar),yes,,"selected(${q_hwsoap_available_in_shop},'yes')",,.>0,Value must be greater than 0,ÇáŞíãÉ íÌÈ Çä Êßæä ÃßËÑ  ãä 0,,,,Please write the price for the quantity you have just entered,ÑÌÇÁ ÍÏÏ ÓÚÑ ÇáßãíÉ ÇáãÏÎáÉ ÃÚáÇå,
calculate,q_hwsoap_price_per_piece,,,,,"selected(${q_hwsoap_available_in_shop},'yes')",,,,,,,"round(if((selected(${q_hwsoap_quantity1},'no')), (150 * ${q_hwsoap_price} div ${q_hwsoap_quantity2}), ${q_hwsoap_price}),2)",,,
calculate,meb_hwsoap_price_10,,,,,"selected(${q_hwsoap_available_in_shop},'yes')",,,,,,,${q_hwsoap_price_per_piece}*10,,,
note,q_hwsoap_price_per_piece_display,"<span style=""color:red""> ${q_hwsoap_price_per_piece} :ÓÚÑ150 ÛÑÇã ŞÇáÈ ÕÇÈæä ÛÓíá ÇáíÏíä åæ </span>
ÏíäÇÑ áíÈí. ÅĞÇ ßÇäÊ ÇáÇÌÇÈÉ ÃÚáÇå ÛíÑ ãäØŞíÉ Ãæ ÎÇØÆÉ ÇáÑÌÇÁ ãÑÇÌÚÉ ÇáÓÚÑ Ãæ ÇáßãíÉ ÇáÊí ÍÏÏåÇ. ÔßÑÇğ",The price of 150-gram bathing soap : ${q_hwsoap_price_per_piece},,yes,"selected(${q_hwsoap_available_in_shop},'yes')",,,,,,,,,,
text,q_hwsoap_brand,"ÇÓã ÇáãÇÑßÉ (Åä áã íæÌÏ ãÇÑßÉ ÇßÊÈ ""áÇ ÔíÁ""",Brand ,,,"selected(${q_hwsoap_available_in_shop},'yes')",,,,,,,,,,
end group,,,,,,,,,,,,,,,,
select_one yes_no,q_sell_lsoap,åá íÈíÚ åĞÇ ÇáãÍá ãÓÍæŞ ÇáÛÓíá(ãÓÍæŞ) İí ÇáãÚÊÇÏ¿,Does this shop normally sell laundry powder? ,yes,,"selected(${q_shop_type},'general_store') or selected(${q_shop_type},'hygiene')",quick,,,,,,,,,
begin group ,group_lsoap,ãÓÍæŞ ÛÓíá,Laundry powder,,,"selected(${q_sell_lsoap},'yes')",,,,,,,,,,
select_one yes_no,q_lsoap_available_in_shop,åá  ãÓÍæŞ ÇáÛÓíá ãÊæİÑ ÍÇáíÇ İí ÇáãÊÌÑ¿,Is laundry soap currently available in this shop?,yes,,,quick,,,,,,,,,
select_one yes_no,q_lsoap_quantity1,åá íÈÇÚ ÈÇáßíáæÛÑÇã¿,Is it sold by 1 kilo? ,yes,,"selected(${q_lsoap_available_in_shop},'yes')",quick,,,,,,,,,
decimal,q_lsoap_quantity2,"ÇĞÇ ßÇä íÈÇÚ ÈßãíÉ ãÎÊáİÉ Úä 1 ßíáæ ÛÑÇã , ÇßÊÈ ÇáßãíÉ ÈÇáßíáæ ÛÑÇã","If it is sold by a quantity different than 1 kilo, write the quantity (in kilos): ",yes,,"selected(${q_lsoap_quantity1},'no') and selected(${q_lsoap_available_in_shop},'yes')",,.>0,Value must be greater than 0,ÇáŞíãÉ íÌÈ Çä Êßæä ÃßËÑ  ãä 0,,,,,"<span style=""color:red""> ÇáÑÌÇÁ ÇáÇäÊÈÇå ááÓÚÉ ÇáãÍÏÏÉ
 ßíáæ 1 = ÛÑÇã 1000 </span>",
decimal,q_lsoap_price,ÇáÓÚÑ ÈÇáÏíäÇÑ ÇááíÈí,Price (Libyan dinar),yes,,"selected(${q_lsoap_available_in_shop},'yes')",,.>0,Value must be greater than 0,ÇáŞíãÉ íÌÈ Çä Êßæä ÃßËÑ  ãä 0,,,,Please write the price for the quantity you have just entered,ÑÌÇÁ ÍÏÏ ÓÚÑ ÇáßãíÉ ÇáãÏÎáÉ ÃÚáÇå,
calculate,q_lsoap_price_per_kilo,,,,,"selected(${q_lsoap_available_in_shop},'yes')",,,,,,,"round(if((selected(${q_lsoap_quantity1},'no')), (${q_lsoap_price} div ${q_lsoap_quantity2}), ${q_lsoap_price}),2)",,,
note,q_lsoap_price_per_kilo_display,"<span style=""color:red""> ${q_lsoap_price_per_kilo} :ÓÚÑ ãÓÍæŞ ÇáÛÓíá ááßíáæ ÇáæÇÍÏ åæ </span>
ÏíäÇÑ áíÈí. ÅĞÇ ßÇäÊ ÇáÇÌÇÈÉ ÃÚáÇå ÛíÑ ãäØŞíÉ Ãæ ÎÇØÆÉ ÇáÑÌÇÁ ãÑÇÌÚÉ ÇáÓÚÑ Ãæ ÇáßãíÉ ÇáÊí ÍÏÏåÇ. ÔßÑÇğ",The price of laundry powder per kilo is: ${q_lsoap_price_per_kilo},,yes,"selected(${q_lsoap_available_in_shop},'yes')",,,,,,,,,,
text,q_lsoap_brand,"ÇÓã ÇáãÇÑßÉ (Åä áã íæÌÏ ãÇÑßÉ ÇßÊÈ ""áÇ ÔíÁ""",Brand ,,,"selected(${q_lsoap_available_in_shop},'yes')",,,,,,,,,,
end group,,,,,,,,,,,,,,,,
select_one yes_no,q_sell_ldet,åá åĞÇ ÇáãÍá ÚÇÏÉ ãÇ íÈíÚ ãäÙİÇÊ ÇáÛÓíá ÇáÓÇÆáÉ¿,Does this shop normally sell liquid laundry detergent? ,yes,,"selected(${q_shop_type},'general_store') or selected(${q_shop_type},'hygiene')",quick,,,,,,,,,
begin group ,group_ldet,ãäÙİÇÊ ÇáÛÓíá (ÓÇÆá),Laundry detergent (liquid),,,"selected(${q_sell_ldet},'yes')",,,,,,,,,,
select_one yes_no,q_ldet_available_in_shop,åá ãäÙİÇÊ ÇáÛÓíá ãÊæİÑÉ ÍÇáíÇ İí åĞÇ ÇáãÍá¿,Is laundry detergent currently available in this shop?,yes,,,quick,,,,,,,,,
select_one yes_no,q_ldet_quantity1,åá íÈÇÚ 1 áÊÑ¿,Is it sold by 1 litre? ,yes,,"selected(${q_ldet_available_in_shop},'yes')",quick,,,,,,,,,
decimal,q_ldet_quantity2,"ÅĞÇ ßÇä íÈÇÚ ÈßãíÉ ãÎÊáİÉ ãä áÊÑ æÇÍÏ¡ ÃßÊÈ ÇáßãíÉ (ÈÇááÊÑ):","If it is sold by a quantity different than 1 litre, write the quantity (in litres): ",yes,,"selected(${q_ldet_quantity1},'no') and selected(${q_ldet_available_in_shop},'yes')",,.>0,Value must be greater than 0,ÇáŞíãÉ íÌÈ Çä Êßæä ÃßËÑ  ãä 0,,,,,"<span style=""color:red""> áÊÑ 1 = ãá 1000 ÇáÑÌÇÁ ÇáÇäÊÈÇå ááÓÚÉ ÇáãÍÏÏÉ </span>",
decimal,q_ldet_price,ÇáÓÚÑ ÈÇáÏíäÇÑ ÇááíÈí,Price (Libyan dinar),yes,,"selected(${q_ldet_available_in_shop},'yes')",,.>0,Value must be greater than 0,ÇáŞíãÉ íÌÈ Çä Êßæä ÃßËÑ  ãä 0,,,,Please write the price for the quantity you have just entered,ÑÌÇÁ ÍÏÏ ÓÚÑ ÇáßãíÉ ÇáãÏÎáÉ ÃÚáÇå,
calculate,q_ldet_price_per_litre,,,,,"selected(${q_ldet_available_in_shop},'yes')",,,,,,,"round(if((selected(${q_ldet_quantity1},'no')), (${q_ldet_price} div ${q_ldet_quantity2}), ${q_ldet_price}),2)",,,
calculate,meb_ldet_price_1halfL,,,,,"selected(${q_ldet_available_in_shop},'yes')",,,,,,,${q_ldet_price_per_litre}*1.5,,,
note,q_ldet_price_per_litre_display,"<span style=""color:red""> ${q_lsoap_price_per_kilo} :ÓÚÑ ãäÙİÇÊ ÇáÛÓíá áßá áÊÑ åæ </span>
ÏíäÇÑ áíÈí. ÅĞÇ ßÇäÊ ÇáÇÌÇÈÉ ÃÚáÇå ÛíÑ ãäØŞíÉ Ãæ ÎÇØÆÉ ÇáÑÌÇÁ ãÑÇÌÚÉ ÇáÓÚÑ Ãæ ÇáßãíÉ ÇáÊí ÍÏÏåÇ. ÔßÑÇğ",The price of laundry detergent per litre is: ${q_ldet_price_per_litre},,yes,"selected(${q_ldet_available_in_shop},'yes')",,,,,,,,,,
text,q_ldet_brand,"ÇÓã ÇáãÇÑßÉ (Åä áã íæÌÏ ãÇÑßÉ ÇßÊÈ ""áÇ ÔíÁ""",Brand ,,,"selected(${q_ldet_available_in_shop},'yes')",,,,,,,,,,
end group,,,,,,,,,,,,,,,,
select_one yes_no,q_sell_shampoo,åá íÈíÚ åĞÇ ÇáãÍá ÇáÔÇãÈæ -ÛÓæá ÇáÔÚÑ İí ÇáãÚÊÇÏ¿,Does this shop normally sell shampoo? ,yes,,"selected(${q_shop_type},'general_store') or selected(${q_shop_type},'hygiene')",quick,,,,,,,,,
begin group ,group_shampoo,ÇáÔÇãÈæ,Shampoo,,,"selected(${q_sell_shampoo},'yes')",,,,,,,,,,
select_one yes_no,q_shampoo_available_in_shop,åá  ÇáÔÇãÈæ ãÊæİÑ ÍÇáíÇ İí ÇáãÊÌÑ¿,Is shampoo currently available in this shop?,yes,,,quick,,,,,,,,,
select_one yes_no,q_shampoo_quantity1,åá íÈÇÚ È 250 ãáá¿,Is it sold by 250 ml? ,yes,,"selected(${q_shampoo_available_in_shop},'yes')",quick,,,,,,,,,
decimal,q_shampoo_quantity2,"ÇĞÇ ßÇä íÈÇÚ ÈßãíÉ ãÎÊáİÉ ÛíÑ 250 ãáá , ÇßÊÈ ÇáßãíÉ  ÈÇáãáá","If it is sold by a quantity different than 250 ml, write the quantity (in ml) ",yes,,"selected(${q_shampoo_quantity1},'no') and selected(${q_shampoo_available_in_shop},'yes')",,.>0,Value must be greater than 0,ÇáŞíãÉ íÌÈ Çä Êßæä ÃßËÑ  ãä 0,,,,,"<span style=""color:red""> áÊÑ 1 = ãá 1000 ÇáÑÌÇÁ ÇáÇäÊÈÇå ááÓÚÉ ÇáãÍÏÏÉ </span>",
decimal,q_shampoo_price,ÇáÓÚÑ ÈÇáÏíäÇÑ ÇááíÈí,Price (Libyan dinar),yes,,"selected(${q_shampoo_available_in_shop},'yes')",,.>0,Value must be greater than 0,ÇáŞíãÉ íÌÈ Çä Êßæä ÃßËÑ  ãä 0,,,,Please write the price for the quantity you have just entered,ÑÌÇÁ ÍÏÏ ÓÚÑ ÇáßãíÉ ÇáãÏÎáÉ ÃÚáÇå,
calculate,q_shampoo_price_per_250ml,,,,,"selected(${q_shampoo_available_in_shop},'yes')",,,,,,,"round(if((selected(${q_shampoo_quantity1},'no')), (250 * ${q_shampoo_price} div ${q_shampoo_quantity2}), ${q_shampoo_price}),2)",,,
note,q_shampoo_price_per_250ml_display,"<span style=""color:red""> ${q_shampoo_price_per_250ml} :ÓÚÑ250 ãáá ãä ÇáÔÇãÈæ åæ </span>
ÏíäÇÑ áíÈí. ÅĞÇ ßÇäÊ ÇáÇÌÇÈÉ ÃÚáÇå ÛíÑ ãäØŞíÉ Ãæ ÎÇØÆÉ ÇáÑÌÇÁ ãÑÇÌÚÉ ÇáÓÚÑ Ãæ ÇáßãíÉ ÇáÊí ÍÏÏåÇ. ÔßÑÇğ",The price of shampoo per 250ml is: ${q_shampoo_price_per_250ml},,yes,"selected(${q_shampoo_available_in_shop},'yes')",,,,,,,,,,
text,q_shampoo_brand,"ÇÓã ÇáãÇÑßÉ (Åä áã íæÌÏ ãÇÑßÉ ÇßÊÈ ""áÇ ÔíÁ""",Brand ,,,"selected(${q_shampoo_available_in_shop},'yes')",,,,,,,,,,
end group,,,,,,,,,,,,,,,,
select_one yes_no,q_sell_dsoap,åá íÈíÚ åĞÇ ÇáãÍá ÓÇÆá ÛÓíá ÇáÕÍæä İí ÇáãÚÊÇÏ¿,Does this shop normally sell dishwashing liquid? ,yes,,"selected(${q_shop_type},'general_store') or selected(${q_shop_type},'hygiene')",quick,,,,,,,,,
begin group ,group_dsoap,ÇÑÎÕ ÓÚÑ áÓÇÆá ÛÓíá ÇáÕÍæä,Dishwashing liquid ,,,"selected(${q_sell_dsoap},'yes')",,,,,,,,,,
select_one yes_no,q_dsoap_available_in_shop,åá  ÓÇÆá ÛÓíá ÇáÕÍæä ãÊæİÑ ÍÇáíÇ İí ÇáãÊÌÑ¿,Is dishwashing liquid currently available in this shop?,yes,,,quick,,,,,,,,,
select_one yes_no,q_dsoap_quantity1,åá íÈÇÚ ÈÚÈæÉ 1 áÊÑ¿,Is it sold by 1 liter? ,yes,,"selected(${q_dsoap_available_in_shop},'yes')",quick,,,,,,,,,
decimal,q_dsoap_quantity2,"ÅĞÇ ßÇä íÈÇÚ ÈßãíÉ ãÎÊáİÉ ãä áÊÑ æÇÍÏ¡ ÃßÊÈ ÇáßãíÉ (ÈÇááÊÑ):","If it is sold by a quantity different than 1 liter, write the quantity (in liters) ",yes,,"selected(${q_dsoap_quantity1},'no') and selected(${q_dsoap_available_in_shop},'yes')",,.>0,Value must be greater than 0,ÇáŞíãÉ íÌÈ Çä Êßæä ÃßËÑ  ãä 0,,,,,"<span style=""color:red""> áÊÑ 1 = ãá 1000 ÇáÑÌÇÁ ÇáÇäÊÈÇå ááÓÚÉ ÇáãÍÏÏÉ </span>",
decimal,q_dsoap_price,ÇáÓÚÑ ÈÇáÏíäÇÑ ÇááíÈí,Price (Libyan dinar),yes,,"selected(${q_dsoap_available_in_shop},'yes')",,.>0,Value must be greater than 0,ÇáŞíãÉ íÌÈ Çä Êßæä ÃßËÑ  ãä 0,,,,Please write the price for the quantity you have just entered,ÑÌÇÁ ÍÏÏ ÓÚÑ ÇáßãíÉ ÇáãÏÎáÉ ÃÚáÇå,
calculate,q_dsoap_price_per_liter,,,,,"selected(${q_dsoap_available_in_shop},'yes')",,,,,,,"round(if((selected(${q_dsoap_quantity1},'no')), (${q_dsoap_price} div ${q_dsoap_quantity2}), ${q_dsoap_price}),2)",,,
calculate,meb_dsoap_price_1halfL,,,,,"selected(${q_dsoap_available_in_shop},'yes')",,,,,,,${q_dsoap_price_per_liter}*1.5,,,
note,q_dsoap_price_per_liter_display,"<span style=""color:red""> ${q_dsoap_price_per_liter} :ÓÚÑ ÓÇÆá ÛÓíá ÇáÕÍæä ááÊÑ ÇáæÇÍÏ åæ </span>
ÏíäÇÑ áíÈí. ÅĞÇ ßÇäÊ ÇáÇÌÇÈÉ ÃÚáÇå ÛíÑ ãäØŞíÉ Ãæ ÎÇØÆÉ ÇáÑÌÇÁ ãÑÇÌÚÉ ÇáÓÚÑ Ãæ ÇáßãíÉ ÇáÊí ÍÏÏåÇ. ÔßÑÇğ",The price of dishwashing liquid per liter is: ${q_dsoap_price_per_liter},,yes,"selected(${q_dsoap_available_in_shop},'yes')",,,,,,,,,,
text,q_dsoap_brand,"ÇÓã ÇáãÇÑßÉ (Åä áã íæÌÏ ãÇÑßÉ ÇßÊÈ ""áÇ ÔíÁ""",Brand ,,,"selected(${q_dsoap_available_in_shop},'yes')",,,,,,,,,,
end group,,,,,,,,,,,,,,,,
select_one yes_no,q_sell_toothpaste,åá íÈíÚ åĞÇ ÇáãÍá ãÚÌæä ÇáÇÓäÇä İí ÇáãÚÊÇÏ¿,Does this shop normally sell toothpaste? ,yes,,"selected(${q_shop_type},'general_store') or selected(${q_shop_type},'hygiene')",quick,,,,,,,,,
begin group ,group_toothpaste,ãÚÌæä ÇáÇÓäÇä,Toothpaste,,,"selected(${q_sell_toothpaste},'yes')",,,,,,,,,,
select_one yes_no,q_toothpaste_available_in_shop,åá  ãÚÌæä ÇáÇÓäÇä ãÊæİÑ ÍÇáíÇ İí ÇáãÊÌÑ¿,Is toothpaste currently available in this shop?,yes,,,quick,,,,,,,,,
select_one yes_no,q_toothpaste_quantity1,åá íÈÇÚ İí ÃäÇÈíÈ 100 ãá¿,Is it sold by tubes of 100ml? ,yes,,"selected(${q_toothpaste_available_in_shop},'yes')",quick,,,,,,,,,
decimal,q_toothpaste_quantity2,"ÇĞÇ ßÇä íÈÇÚ ÈßãíÉ ãÎÊáİÉ ÛíÑ 100 ãá , ÇßÊÈ ÇáßãíÉ ÈÇáãá","If it is sold by a quantity different than 100ml, write the quantity (in ml) ",yes,,"selected(${q_toothpaste_quantity1},'no') and selected(${q_toothpaste_available_in_shop},'yes')",,.>0,Value must be greater than 0,ÇáŞíãÉ íÌÈ Çä Êßæä ÃßËÑ  ãä 0,,,,,"<span style=""color:red""> áÊÑ 1 = ãá 1000 ÇáÑÌÇÁ ÇáÇäÊÈÇå ááÓÚÉ ÇáãÍÏÏÉ </span>",
decimal,q_toothpaste_price,ÇáÓÚÑ ÈÇáÏíäÇÑ ÇááíÈí,Price (Libyan dinar),yes,,"selected(${q_toothpaste_available_in_shop},'yes')",,.>0,Value must be greater than 0,ÇáŞíãÉ íÌÈ Çä Êßæä ÃßËÑ  ãä 0,,,,Please write the price for the quantity you have just entered,ÑÌÇÁ ÍÏÏ ÓÚÑ ÇáßãíÉ ÇáãÏÎáÉ ÃÚáÇå,
calculate,q_toothpaste_price_per_tube,,,,,"selected(${q_toothpaste_available_in_shop},'yes')",,,,,,,"round(if((selected(${q_toothpaste_quantity1},'no')), (100 * ${q_toothpaste_price} div ${q_toothpaste_quantity2}), ${q_toothpaste_price}),2)",,,
calculate,meb_toothpaste_price_6,,,,,"selected(${q_toothpaste_available_in_shop},'yes')",,,,,,,${q_toothpaste_price_per_tube}*6,,,
note,q_toothpaste_price_per_tube_display,"<span style=""color:red""> ${q_toothpaste_price_per_tube} :ÓÚÑ ãÚÌæä ÇáÇÓäÇä áá100 ãá åæ </span>
ÏíäÇÑ áíÈí. ÅĞÇ ßÇäÊ ÇáÇÌÇÈÉ ÃÚáÇå ÛíÑ ãäØŞíÉ Ãæ ÎÇØÆÉ ÇáÑÌÇÁ ãÑÇÌÚÉ ÇáÓÚÑ Ãæ ÇáßãíÉ ÇáÊí ÍÏÏåÇ. ÔßÑÇğ",The price of toothpaste per 100ml is: ${q_toothpaste_price_per_tube},,yes,"selected(${q_toothpaste_available_in_shop},'yes')",,,,,,,,,,
text,q_toothpaste_brand,"ÇÓã ÇáãÇÑßÉ (Åä áã íæÌÏ ãÇÑßÉ ÇßÊÈ ""áÇ ÔíÁ""",Brand ,,,"selected(${q_toothpaste_available_in_shop},'yes')",,,,,,,,,,
end group,,,,,,,,,,,,,,,,
select_one yes_no,q_sell_toothbrush,åá íÈíÚ åĞÇ ÇáãÍá İÑÔÇÉ ÇáÇÓäÇä İí ÇáãÚÊÇÏ¿,Does this shop normally sell toothbrushes? ,yes,,"selected(${q_shop_type},'general_store') or selected(${q_shop_type},'hygiene')",quick,,,,,,,,,
begin group ,group_toothbrush, İÑÔÇÉ ÇáÇÓäÇä,Toothbrush,,,"selected(${q_sell_toothbrush},'yes')",,,,,,,,,,
select_one yes_no,q_toothbrush_available_in_shop,åá   İÑÔÇÉ ÇáÇÓäÇä ãÊæİÑÉ ÍÇáíÇ İí ÇáãÊÌÑ¿,Are toothbrushes currently available in this shop?,yes,,,quick,,,,,,,,,
select_one yes_no,q_toothbrush_quantity1,åá ÊÈÇÚ ÈÇáİÑÔÇÉ ÇáæÇÍÏÉ¿,Is it sold by 1 brush? ,yes,,"selected(${q_toothbrush_available_in_shop},'yes')",quick,,,,,,,,,
integer ,q_toothbrush_quantity2,"ÇĞÇ ßÇäÊ ÊÈÇÚ ÈßãíÉ ãÎÊáİÉ Úä ÇáİÑÔÇÉ ÇáæÇÍÏÉ, ÇßÊÈ ÇáßãíÉ ÈÇáÚÏÏ","If it is sold by a quantity different than 1 brush, write the quantity (in brushes) ",yes,,"selected(${q_toothbrush_quantity1},'no') and selected(${q_toothbrush_available_in_shop},'yes')",,.>0,Value must be greater than 0,ÇáŞíãÉ íÌÈ Çä Êßæä ÃßËÑ  ãä 0,,,,,,
decimal,q_toothbrush_price,ÇáÓÚÑ ÈÇáÏíäÇÑ ÇááíÈí,Price (Libyan dinar),yes,,"selected(${q_toothbrush_available_in_shop},'yes')",,.>0,Value must be greater than 0,ÇáŞíãÉ íÌÈ Çä Êßæä ÃßËÑ  ãä 0,,,,Please write the price for the quantity you have just entered,ÑÌÇÁ ÍÏÏ ÓÚÑ ÇáßãíÉ ÇáãÏÎáÉ ÃÚáÇå,
calculate,q_toothbrush_price_per_brush,,,,,"selected(${q_toothbrush_available_in_shop},'yes')",,,,,,,"round(if((selected(${q_toothbrush_quantity1},'no')), (${q_toothbrush_price} div ${q_toothbrush_quantity2}), ${q_toothbrush_price}),2)",,,
note,q_toothbrush_price_per_brush_display,"<span style=""color:red""> ${q_toothbrush_price_per_brush} :ÓÚÑ  İÑÔÇÉ ÇáÇÓäÇä åæ </span>
ÏíäÇÑ áíÈí. ÅĞÇ ßÇäÊ ÇáÇÌÇÈÉ ÃÚáÇå ÛíÑ ãäØŞíÉ Ãæ ÎÇØÆÉ ÇáÑÌÇÁ ãÑÇÌÚÉ ÇáÓÚÑ Ãæ ÇáßãíÉ ÇáÊí ÍÏÏåÇ. ÔßÑÇğ",The price of a toothbrush is: ${q_toothbrush_price_per_brush},,yes,"selected(${q_toothbrush_available_in_shop},'yes')",,,,,,,,,,
text,q_toothbrush_brand,"ÇÓã ÇáãÇÑßÉ (Åä áã íæÌÏ ãÇÑßÉ ÇßÊÈ ""áÇ ÔíÁ""",Brand ,,,"selected(${q_toothbrush_available_in_shop},'yes')",,,,,,,,,,
end group,,,,,,,,,,,,,,,,
select_one yes_no,q_sell_spads,åá íÈíÚ åĞÇ ÇáãÍá İæØÉ äÓÇÆíÉ  İí ÇáãÚÊÇÏ¿,Does this shop normally sell sanitary pads?,yes,,"selected(${q_shop_type},'general_store') or selected(${q_shop_type},'hygiene')",quick,,,,,,,,,
begin group ,group_spads,ÇÑÎÕ ÓÚÑ ááİæØ ÇáäÓÇÆíÉ ( 1 ßíÓ),Sanitary pads (1 pack),,,"selected(${q_sell_spads},'yes')",,,,,,,,,,
select_one yes_no,q_spads_available_in_shop,åá   İæØ ÇáäÓÇÆíÉ ãÊæİÑÉ ÍÇáíÇ İí ÇáãÊÌÑ¿,Are sanitary pads currently available in this shop?,yes,,,quick,,,,,,,,,
select_one yes_no,q_spads_quantity1,åá ÊÈÇÚ ÈÇßíÇÓ ÊÍÊæí Úáì 10 İæØ¿,Is it sold by packs of 10 pads?,yes,,"selected(${q_spads_available_in_shop},'yes')",quick,,,,,,,,,
integer ,q_spads_quantity2,"ÇĞÇ ßÇäÊ ÊÈÇÚ ÈßãíÉ ãÎÊáİÉ Úä 10 İæØ ááßíÓ ÇáæÇÍÏ, ÇßÊÈ ÇáßãíÉ (ÚÏÏ ÇáİæØ ÈÇáßíÓ ÇáæÇÍÏ):","If it is sold by a quantity different than 10 pads per pack, write the quantity (number of pads):",yes,,"selected(${q_spads_quantity1},'no') and selected(${q_spads_available_in_shop},'yes')",,.>0,Value must be greater than 0,ÇáŞíãÉ íÌÈ Çä Êßæä ÃßËÑ  ãä 0,,,,,,
decimal,q_spads_price,ÇáÓÚÑ ÈÇáÏíäÇÑ ÇááíÈí,Price (Libyan dinar),yes,,"selected(${q_spads_available_in_shop},'yes')",,.>0,Value must be greater than 0,ÇáŞíãÉ íÌÈ Çä Êßæä ÃßËÑ  ãä 0,,,,Please write the price for the quantity you have just entered,ÑÌÇÁ ÍÏÏ ÓÚÑ ÇáßãíÉ ÇáãÏÎáÉ ÃÚáÇå,
calculate,q_spads_price_per_10pads,,,,,"selected(${q_spads_available_in_shop},'yes')",,,,,,,"round(if((selected(${q_spads_quantity1},'no')), (10 * ${q_spads_price} div ${q_spads_quantity2}), ${q_spads_price}),2)",,,
calculate,meb_spads_price_4,,,,,"selected(${q_spads_available_in_shop},'yes')",,,,,,,${q_spads_price_per_10pads}*4,,,
note,q_spads_price_per_10pads_display,"<span style=""color:red""> ${q_spads_price_per_10pads} :ÓÚÑ ÇáİæØ ÇáäÓÇÆíÉ (10 İæØ) åæ </span>
ÏíäÇÑ áíÈí. ÅĞÇ ßÇäÊ ÇáÇÌÇÈÉ ÃÚáÇå ÛíÑ ãäØŞíÉ Ãæ ÎÇØÆÉ ÇáÑÌÇÁ ãÑÇÌÚÉ ÇáÓÚÑ Ãæ ÇáßãíÉ ÇáÊí ÍÏÏåÇ. ÔßÑÇğ",The price of sanitary pads per 10 pads is: ${q_spads_price_per_10pads},,yes,"selected(${q_spads_available_in_shop},'yes')",,,,,,,,,,
text,q_spads_brand,"ÇÓã ÇáãÇÑßÉ (Åä áã íæÌÏ ãÇÑßÉ ÇßÊÈ ""áÇ ÔíÁ""",Brand ,,,"selected(${q_spads_available_in_shop},'yes')",,,,,,,,,,
end group,,,,,,,,,,,,,,,,
select_one yes_no,q_sell_diapers,åá íÈíÚ åĞÇ ÇáãÍá ÍİÇÖÇÊ ÇáÃØİÇá İí ÇáãÚÊÇÏ¿,Does this shop normally sell baby diapers?,yes,,"selected(${q_shop_type},'general_store') or selected(${q_shop_type},'hygiene')",quick,,,,,,,,,
begin group ,group_diapers,ÍİÇÖÇÊ ÇáÃØİÇá (ÍÒãÉ æÇÍÏÉ),Baby diapers (1 pack),,,"selected(${q_sell_diapers},'yes')",,,,,,,,,,
select_one yes_no,q_diapers_available_in_shop,åá  ÍİÇÖÇÊ ÇáÃØİÇá ãÊæİÑÉ ÍÇáíÇ İí ÇáãÊÌÑ¿,Are baby diapers currently available in this shop?,yes,,,quick,,,,,,,,,
select_one yes_no,q_diapers_quantity1,åá ÊÈÇÚ ÈÍÒã ĞÇÊ 30 ÍİÇÖÉ  ¿,Is it sold by packs of 30 diapers?,yes,,"selected(${q_diapers_available_in_shop},'yes')",quick,,,,,,,,,
integer ,q_diapers_quantity2,"ÇĞÇ ßÇäÊ ÊÈÇÚ ÈßãíÉ ãÎÊáİÉ Úä 30 ÍİÇÖÉ ááÍÒãÉ ÇáæÇÍÏÉ  , ÇßÊÈ ÇáßãíÉ ÈÚÏÏ ÇáÍİÇÖÇÊ ááÍÒãÉ","If it is sold by a quantity different than 30 diapers per pack, write the quantity (number of diapers):",yes,,"selected(${q_diapers_quantity1},'no') and selected(${q_diapers_available_in_shop},'yes')",,.>0,Value must be greater than 0,ÇáŞíãÉ íÌÈ Çä Êßæä ÃßËÑ  ãä 0,,,,,,
decimal,q_diapers_price,ÇáÓÚÑ ÈÇáÏíäÇÑ ÇááíÈí,Price (Libyan dinar),yes,,"selected(${q_diapers_available_in_shop},'yes')",,.>0,Value must be greater than 0,ÇáŞíãÉ íÌÈ Çä Êßæä ÃßËÑ  ãä 0,,,,Please write the price for the quantity you have just entered,ÑÌÇÁ ÍÏÏ ÓÚÑ ÇáßãíÉ ÇáãÏÎáÉ ÃÚáÇå,
calculate,q_diapers_price_per_30diapers,,,,,"selected(${q_diapers_available_in_shop},'yes')",,,,,,,"round(if((selected(${q_diapers_quantity1},'no')), (30 * ${q_diapers_price} div ${q_diapers_quantity2}), ${q_diapers_price}),2)",,,
note,q_diapers_price_per_30diapers_display,"<span style=""color:red""> ${q_diapers_price_per_30diapers} :ÓÚÑ ÍİÇÖÇÊ ÇáÃØİÇá åæ </span>
ÏíäÇÑ áíÈí. ÅĞÇ ßÇäÊ ÇáÇÌÇÈÉ ÃÚáÇå ÛíÑ ãäØŞíÉ Ãæ ÎÇØÆÉ ÇáÑÌÇÁ ãÑÇÌÚÉ ÇáÓÚÑ Ãæ ÇáßãíÉ ÇáÊí ÍÏÏåÇ. ÔßÑÇğ",The price of baby diapers per 30 diapers is: ${q_diapers_price_per_30diapers},,yes,"selected(${q_diapers_available_in_shop},'yes')",,,,,,,,,,
text,q_diapers_brand,"ÇÓã ÇáãÇÑßÉ (Åä áã íæÌÏ ãÇÑßÉ ÇßÊÈ ""áÇ ÔíÁ""",Brand ,,,"selected(${q_diapers_available_in_shop},'yes')",,,,,,,,,,
end group,,,,,,,,,,,,,,,,
select_one yes_no,q_sell_water,åá íÈíÚ åĞÇ ÇáãÍá ãíÇå ãÚÈÃÉ İí ÇáãÚÊÇÏ¿,Does this shop normally sell bottled water ?,yes,,"selected(${q_shop_type},'general_store')",quick,,,,,,,"Please enter the price of a new bottle of water, not the price of a refilled bottle of water.",ÓÚÑ ŞÇÑæÑÉ ãíÇå ÌÏíÏÉ æáíÓ ÓÚÑ ŞÇÑæÑÉ ãÚÈÃÉ ,
begin group ,group_water,ÇÑÎÕ ÓÚÑ áŞÇÑæÑÉ ãÇÁ,Bottled water,,,"selected(${q_sell_water},'yes')",,,,,,,,,,
select_one yes_no,q_water_available_in_shop,åá ŞæÇÑíÑ ÇáãÇÁ ãÊæİÑÉ ÍÇáíÇ İí ÇáãÊÌÑ¿,Is bottled water currently available in this shop?,yes,,,quick,,,,,,,"Please enter the price of a new bottle of water, not the price of a refilled bottle of water.",ÓÚÑ ŞÇÑæÑÉ ãíÇå ÌÏíÏÉ æáíÓ ÓÚÑ ŞÇÑæÑÉ ãÚÈÃÉ ,
select_one yes_no,q_water_quantity1,åá íÈÇÚ İí ŞæÇÑíÑ ãä 7 áÊÑÇÊ¿,Is it sold in bottles of 7 litres?,yes,,"selected(${q_water_available_in_shop},'yes')",quick,,,,,,,"Please enter the price of a new bottle of water, not the price of a refilled bottle of water.",ÓÚÑ ŞÇÑæÑÉ ãíÇå ÌÏíÏÉ æáíÓ ÓÚÑ ŞÇÑæÑÉ ãÚÈÃÉ ,
decimal,q_water_quantity2,"ÇĞÇ ßÇä ÊÈÇÚ ÈßãíÉ ãÎÊáİÉ ÛíÑ 7 áíÊÑ , ÇßÊÈ ÇáßãíÉ  ÈÇááíÊÑ","If it is sold by a quantity different than 7 liters, write the quantity (in liters):",yes,,"selected(${q_water_quantity1},'no') and selected(${q_water_available_in_shop},'yes')",,.>0,Value must be greater than 0,ÇáŞíãÉ íÌÈ Çä Êßæä ÃßËÑ  ãä 0,,,,"Please enter the price of a new bottle of water, not the price of a refilled bottle of water.",ÓÚÑ ŞÇÑæÑÉ ãíÇå ÌÏíÏÉ æáíÓ ÓÚÑ ŞÇÑæÑÉ ãÚÈÃÉ ,
decimal,q_water_price,ÇáÓÚÑ ÈÇáÏíäÇÑ ÇááíÈí,Price (Libyan dinar),yes,,"selected(${q_water_available_in_shop},'yes')",,.>0,Value must be greater than 0,ÇáŞíãÉ íÌÈ Çä Êßæä ÃßËÑ  ãä 0,,,,Please write the price for the quantity you have just entered,ÑÌÇÁ ÍÏÏ ÓÚÑ ÇáßãíÉ ÇáãÏÎáÉ ÃÚáÇå,
calculate,q_water_price_per_liter,,,,,"selected(${q_water_available_in_shop},'yes')",,,,,,,"round(if((selected(${q_water_quantity1},'no')), (${q_water_price} div ${q_water_quantity2}), ${q_water_price} div 7),2)",,,
note,q_water_price_per_liter_display,"<span style=""color:red"">  ${q_water_price_per_liter} :ÓÚÑ ŞÇÑæÑÉ ãÇÁ 1 áÊÑ åæ </span>
ÏíäÇÑ áíÈí. ÅĞÇ ßÇäÊ ÇáÇÌÇÈÉ ÃÚáÇå ÛíÑ ãäØŞíÉ Ãæ ÎÇØÆÉ ÇáÑÌÇÁ ãÑÇÌÚÉ ÇáÓÚÑ Ãæ ÇáßãíÉ ÇáÊí ÍÏÏåÇ. ÔßÑÇğ",The price of 1 litre of water is: ${q_water_price_per_liter},,yes,"selected(${q_water_available_in_shop},'yes')",,,,,,,,,,
text,q_water_brand,"ÇÓã ÇáãÇÑßÉ (Åä áã íæÌÏ ãÇÑßÉ ÇßÊÈ ""áÇ ÔíÁ""",Brand ,,,"selected(${q_water_available_in_shop},'yes')",,,,,,,,,,
end group,,,,,,,,,,,,,,,,
select_one yes_no,official_lpg_available,ªá ÛÇÒ ÇáØªí ãÊæİÑ ÍÇá?Ç İí ªĞå ÇáãÏ?äÉ ãä ÎáÇá ÇáÈÇÆÚ??ä ÇáÑÓã??ä (ãÓÊæÏÚÇÊ ÛÇÒ ÇáØªí) ¿,Is cooking fuel (LPG) currently available in this city through official vendors (Mostawdaa)?,yes,,,,,,,,,,,,
text,official_lpg_notavailable_reasons,ÅĞÇ ßÇä ÇáÌæÇÈ áÇ áãÇĞÇ áÇ ?æÌÏ ÈÇÆÚæä ãä ªĞÇ ÇáäæÚ ?ŞÏãæä ÍÇá?ğÇ ÛÇÒ ÇáØªí İí ªĞå ÇáãÏ?äÉ¿,(if no) Why are there no vendors of this type who currently provide cooking fuel in this city?,yes,,${official_lpg_available}='no',,,,,,,,,,
select_one yes_no,unofficial_lpg_available,ªá ?ÊæİÑ ÛÇÒ ÇáØªí ÍÇá?ğÇ İí ªĞå ÇáãÏ?äÉ ãä ÎáÇá ÈÇÆÚ?ä Û?Ñ ÑÓã??ä¿,Is cooking fuel (LPG) currently available in this city through unofficial vendors?,yes,,,,,,,,,,,,
text,unofficial_lpg_notavailable_reasons,ÅĞÇ ßÇä ÇáÌæÇÈ áÇ áãÇĞÇ áÇ ?æÌÏ ÈÇÆÚæä ãä ªĞÇ ÇáäæÚ ?ŞÏãæä ÍÇá?ğÇ ÛÇÒ ÇáØªí İí ªĞå ÇáãÏ?äÉ¿,(if no) Why are there no vendors of this type who currently provide cooking fuel in this city?,yes,,${unofficial_lpg_available}='no',,,,,,,,,,
select_one yes_no,q_sell_fuel,åá íÈíÚ åĞÇ ÇáãÍá ÛÇÒ ÇáØåí İí ÇáãÚÊÇÏ¿,Does this shop normally sell cooking fuel ?,yes,,"selected(${q_shop_type},'fuel_shop')",quick,,,,,,,,,
select_one frequency,availability_frequency,ßã ãÑÉ ?ÊæİÑ æŞæÏ ÇáØªí ÍÇá?ğÇ ãä ªĞÇ ÇáÈÇÆÚ¿,How often is cooking fuel available from this vendor?,yes,,"selected(${q_sell_fuel},'yes')",,,,,,,,,,
text,availability_frequency_ot,ÑÌÇÁ ÍÏÏ,"If other, please specify",yes,,${availability_frequency}='other',,,,,,,,,,
begin group ,group_fuel,ÇÑÎÕ ÓÚÑ áãáÆ ÛÇÒ ÇáØåí,cooking fuel (refilling),,,"selected(${q_sell_fuel},'yes')",,,,,,,,"Please make sure to record the price of refilling an old cylinder, not buying a new one.",íÑÌì ÇáÊÃßÏ ãä ÊÓÌíá ÓÚÑ ÅÚÇÏÉ ÊÚÈÆÉ ÇáÇÓØæÇäÉ æáíÓ ÔÑÇÁ ÇÓØæÇäÉ ÌÏíÏÉ,
select_one vendor_status,vendor_status,åá åĞÇ ÇáãÍá áÛÇÒ ÇáØåí ÑÓã? Ãæ Û?Ñ ÑÓã? ¿ ,Is this fuel vendor official or unofficial ?,yes,,,quick,"if(${official_lpg_available}='no',.!='official_vendor',count-selected(.)=1) and if(${unofficial_lpg_available}='no',.!='unofficial_vendor',count-selected(.)=1)",,,,,,,,
text,vendor_status_other,ÑÌÇÁ ÍÏÏ,"If other, please specify",yes,,"selected(${vendor_status},'other')",,,,,,,,,,
select_one yes_no,q_fuel_public_available_in_shop,åá ÛÇÒ ÇáØåí ãÊæİÑÉ ÍÇáíÇ İí ÇáãÊÌÑ¿,Is cooking fuel currently available in this shop?,yes,,"selected(${vendor_status},'official_vendor')",quick,,,,,,,"Please make sure to record the price of refilling an old cylinder, not buying a new one.",íÑÌì ÇáÊÃßÏ ãä ÊÓÌíá ÓÚÑ ÅÚÇÏÉ ÊÚÈÆÉ ÇáÇÓØæÇäÉ æáíÓ ÔÑÇÁ ÇÓØæÇäÉ ÌÏíÏÉ,
select_one yes_no,q_fuel_public_quantity1,åá íÈÇÚ ÈßãíÇÊ 11 ßÛ ¿,Is it sold in quantities of 11Kg ?,yes,,"selected(${q_fuel_public_available_in_shop},'yes') and selected(${vendor_status},'official_vendor')",quick,,,,,,,"Please make sure to record the price of refilling an old cylinder, not buying a new one.",íÑÌì ÇáÊÃßÏ ãä ÊÓÌíá ÓÚÑ ÅÚÇÏÉ ÊÚÈÆÉ ÇáÇÓØæÇäÉ æáíÓ ÔÑÇÁ ÇÓØæÇäÉ ÌÏíÏÉ,
integer ,q_fuel_public_quantity2,"ÅĞÇ ßÇä íÈÇÚ ÈßãíÉ ãÎÊáİÉ Úä 11 ßÛ ¡ ÇßÊÈ ÇáÍÌã  (ÈÇáßíáæÛÑÇã):","If it is sold in a quantity different than 11 Kg , write the size (in kg):",yes,,"selected(${q_fuel_public_quantity1},'no') and selected(${q_fuel_public_available_in_shop},'yes') and selected(${vendor_status},'official_vendor')",,.>0,Value must be greater than 0,ÇáŞíãÉ íÌÈ Çä Êßæä ÃßËÑ  ãä 0,,,,"Please make sure to record the price of refilling an old cylinder, not buying a new one.",íÑÌì ÇáÊÃßÏ ãä ÊÓÌíá ÓÚÑ ÅÚÇÏÉ ÊÚÈÆÉ ÇáÇÓØæÇäÉ æáíÓ ÔÑÇÁ ÇÓØæÇäÉ ÌÏíÏÉ,
decimal,q_fuel_public_price,ÇáÓÚÑ ãáÆ ÛÇÒ ÇáØåí ÈÇáÏíäÇÑ ÇááíÈí,Price (Libyan dinar),yes,,"selected(${q_fuel_public_available_in_shop},'yes') and selected(${vendor_status},'official_vendor')",,.>0,Value must be greater than 0,ÇáŞíãÉ íÌÈ Çä Êßæä ÃßËÑ  ãä 0,,,,Please write the price for the quantity you have just entered,ÑÌÇÁ ÍÏÏ ÓÚÑ ÇáßãíÉ ÇáãÏÎáÉ ÃÚáÇå,
calculate,q_fuel_public_price_per_11kg,,,,,"selected(${q_fuel_public_available_in_shop},'yes') and selected(${vendor_status},'official_vendor')",,,,,,,"round(if((selected(${q_fuel_public_quantity1},'no')), (11 * ${q_fuel_public_price} div ${q_fuel_public_quantity2}), ${q_fuel_public_price}),2)",,,
note,q_fuel_public_price_per_11kg_display,"<span style=""color:red""> ${q_fuel_public_price_per_11kg} :ÓÚÑ ÅÚÇÏÉ ÊÚÈÆÉ ÇÓØæÇäÉ ÛÇÒ ÇáØåí ÍÌã  11 ßÛ </span>
ÏíäÇÑ áíÈí. ÅĞÇ ßÇäÊ ÇáÇÌÇÈÉ ÃÚáÇå ÛíÑ ãäØŞíÉ Ãæ ÎÇØÆÉ ÇáÑÌÇÁ ãÑÇÌÚÉ ÇáÓÚÑ Ãæ ÇáßãíÉ ÇáÊí ÍÏÏåÇ. ÔßÑÇğ",The price of refilling a cooking gas cylinder of 11 Kg : ${q_fuel_public_price_per_11kg},,yes,"selected(${q_fuel_public_available_in_shop},'yes') and selected(${vendor_status},'official_vendor')",,,,,,,,,,
select_one yes_no,q_fuel_private_available_in_shop,åá ÛÇÒ ÇáØåí ãÊæİÑÉ ÍÇáíÇ İí ÇáãÊÌÑ¿,Is cooking fuel currently available in this shop?,yes,,"selected(${vendor_status},'unofficial_vendor') or selected(${vendor_status},'other')",quick,,,,,,,"Please make sure to record the price of refilling an old cylinder, not buying a new one.",íÑÌì ÇáÊÃßÏ ãä ÊÓÌíá ÓÚÑ ÅÚÇÏÉ ÊÚÈÆÉ ÇáÇÓØæÇäÉ æáíÓ ÔÑÇÁ ÇÓØæÇäÉ ÌÏíÏÉ,
select_one yes_no,q_fuel_private_quantity1,åá íÈÇÚ ÈßãíÇÊ 11 ßÛ ¿,Is it sold in quantities of 11Kg ?,yes,,"selected(${q_fuel_private_available_in_shop},'yes') and (selected(${vendor_status},'unofficial_vendor') or selected(${vendor_status},'other'))",quick,,,,,,,"Please make sure to record the price of refilling an old cylinder, not buying a new one.",íÑÌì ÇáÊÃßÏ ãä ÊÓÌíá ÓÚÑ ÅÚÇÏÉ ÊÚÈÆÉ ÇáÇÓØæÇäÉ æáíÓ ÔÑÇÁ ÇÓØæÇäÉ ÌÏíÏÉ,
integer ,q_fuel_private_quantity2,"ÅĞÇ ßÇä íÈÇÚ ÈßãíÉ ãÎÊáİÉ Úä 11 ßÛ ¡ ÇßÊÈ ÇáÍÌã (ÈÇáßíáæÛÑÇã):","If it is sold in a quantity different than 11 Kg , write the size (in kg):",yes,,"selected(${q_fuel_private_quantity1},'no') and selected(${q_fuel_private_available_in_shop},'yes') and (selected(${vendor_status},'unofficial_vendor') or selected(${vendor_status},'other'))",,.>0,Value must be greater than 0,ÇáŞíãÉ íÌÈ Çä Êßæä ÃßËÑ  ãä 0,,,,"Please make sure to record the price of refilling an old cylinder, not buying a new one.",íÑÌì ÇáÊÃßÏ ãä ÊÓÌíá ÓÚÑ ÅÚÇÏÉ ÊÚÈÆÉ ÇáÇÓØæÇäÉ æáíÓ ÔÑÇÁ ÇÓØæÇäÉ ÌÏíÏÉ,
decimal,q_fuel_private_price,ÇáÓÚÑ ãáÆ ÛÇÒ ÇáØåí ÈÇáÏíäÇÑ ÇááíÈí,Price (Libyan dinar),yes,,"selected(${q_fuel_private_available_in_shop},'yes') and (selected(${vendor_status},'unofficial_vendor') or selected(${vendor_status},'other'))",,.>0,Value must be greater than 0,ÇáŞíãÉ íÌÈ Çä Êßæä ÃßËÑ  ãä 0,,,,Please write the price for the quantity you have just entered,ÑÌÇÁ ÍÏÏ ÓÚÑ ÇáßãíÉ ÇáãÏÎáÉ ÃÚáÇå,
calculate,q_fuel_private_price_per_11kg,,,,,"selected(${q_fuel_private_available_in_shop},'yes') and (selected(${vendor_status},'unofficial_vendor') or selected(${vendor_status},'other'))",,,,,,,"round(if((selected(${q_fuel_private_quantity1},'no')), (11 * ${q_fuel_private_price} div ${q_fuel_private_quantity2}), ${q_fuel_private_price}),2)",,,
note,q_fuel_private_price_per_11kg_display,"<span style=""color:red""> ${q_fuel_private_price_per_11kg} :ÓÚÑ ÅÚÇÏÉ ÊÚÈÆÉ ÇÓØæÇäÉ ÛÇÒ ÇáØåí ÍÌã  11 ßÛ </span>
ÏíäÇÑ áíÈí. ÅĞÇ ßÇäÊ ÇáÇÌÇÈÉ ÃÚáÇå ÛíÑ ãäØŞíÉ Ãæ ÎÇØÆÉ ÇáÑÌÇÁ ãÑÇÌÚÉ ÇáÓÚÑ Ãæ ÇáßãíÉ ÇáÊí ÍÏÏåÇ. ÔßÑÇğ",The price of refilling a cooking gas cylinder of 11 Kg : ${q_fuel_private_price_per_11kg},,yes,"selected(${q_fuel_private_available_in_shop},'yes') and (selected(${vendor_status},'unofficial_vendor') or selected(${vendor_status},'other'))",,,,,,,,,,
calculate,cooking_fuel_price_per_11kg,,,yes,,"selected(${q_fuel_public_available_in_shop},'yes') or selected(${q_fuel_private_available_in_shop},'yes')",,,,,,,"if(${q_fuel_public_price_per_11kg}="""",${q_fuel_private_price_per_11kg}*1,${q_fuel_public_price_per_11kg}*1)",,,
calculate,meb_cooking_fuel_price_2,,,yes,,"selected(${q_fuel_public_available_in_shop},'yes') or selected(${q_fuel_private_available_in_shop},'yes')",,,,,,,${cooking_fuel_price_per_11kg}*2,,,
end group,,,,,,,,,,,,,,,,
begin group ,group_mercycorps_nfi,,,,,"(selected(${q_shop_type},'general_store') or selected(${q_shop_type},'hygiene')) and selected(${q_orgname},'mercy_corps')",,,,,,,,,,
select_one yes_no,q_sell_watercontainer,åá åĞÇ ÇáãÍá ÚÇÏÉ ãÇ íÈíÚ ÍÇæíÇÊ ÇáãíÇå¿,Does this shop normally sell water containers?,yes,,,,,,,,,,,,
begin group ,group_watercontainer,ÍÇæíÇÊ ÇáãíÇå,Water container,,,"selected(${q_sell_watercontainer},'yes')",,,,,,,,,,
select_one yes_no,q_watercontainer_available_in_shop,åá ÍÇæíÇÊ ÇáãíÇå ãÊæİÑÉ ÍÇáíÇ İí åĞÇ ÇáãÍá¿,Are water containers currently available in this shop?,yes,,,,,,,,,,,,
select_one yes_no,q_watercontainer_quantity1,åá íÈÇÚ ÈÍÇæíÉ 5 áÊÑ¿,Is it sold by container of 5 litres?,,,"selected(${q_watercontainer_available_in_shop},'yes')",,,,,,,,,,
integer ,q_watercontainer_quantity2,"ĞÇ ßÇä íÈÇÚ ÈßãíÉ ãÎÊáİÉ ãä 5 áÊÑÇÊ¡ ÃßÊÈ ÇáßãíÉ (ÈÇáÊÑ):","If it is sold by a quantity different than 5 litres, write the quantity (in litres):",,,"selected(${q_watercontainer_quantity1},'no') and selected(${q_watercontainer_available_in_shop},'yes')",,.>0,Value must be greater than 0,ÇáŞíãÉ íÌÈ Çä Êßæä ÃßËÑ  ãä 0,,,,,,
decimal,q_watercontainer_price,ÇáÓÚÑ ÈÇáÏíäÇÑ ÇááíÈí,Price (Libyan dinar),,,"selected(${q_watercontainer_available_in_shop},'yes')",,.>0,Value must be greater than 0,ÇáŞíãÉ íÌÈ Çä Êßæä ÃßËÑ  ãä 0,,,,Please write the price for the quantity you have just entered,ÑÌÇÁ ÍÏÏ ÓÚÑ ÇáßãíÉ ÇáãÏÎáÉ ÃÚáÇå,
text,q_watercontainer_brand,"ÇÓã ÇáãÇÑßÉ (Åä áã íæÌÏ ãÇÑßÉ ÇßÊÈ ""áÇ ÔíÁ""",Brand ,,,"selected(${q_watercontainer_available_in_shop},'yes')",,,,,,,,,,
end group,,,,,,,,,,,,,,,,
select_one yes_no,q_sell_mosquitonet,åá åĞÇ ÇáãÍá ÚÇÏÉ ãÇ íÈíÚ äÇãæÓíÇÊ¿,Does this shop normally sell mosquito nets?,yes,,,,,,,,,,,,
begin group ,group_mosquitonet,ÇáäÇãæÓíÉ,Mosquito net,,,"selected(${q_sell_mosquitonet},'yes')",,,,,,,,,,
select_one yes_no,q_mosquitonet_available_in_shop,åá ÇáäÇãæÓíÇÊ ãÊæİÑÉ ÍÇáíÇ İí åĞÇ ÇáãÍá¿,Are mosquito nets currently available in this shop?,yes,,,,,,,,,,,,
decimal,q_mosquitonet_price,ÇáÓÚÑ ÈÇáÏíäÇÑ ÇááíÈí,Price (Libyan dinar),,,"selected(${q_mosquitonet_available_in_shop},'yes')",,.>0,Value must be greater than 0,ÇáŞíãÉ íÌÈ Çä Êßæä ÃßËÑ  ãä 0,,,,Please write the price for the quantity you have just entered,ÑÌÇÁ ÍÏÏ ÓÚÑ ÇáßãíÉ ÇáãÏÎáÉ ÃÚáÇå,
text,q_mosquitonet_specifications,"ÇáãæÇÕİÇÊ (Úáì ÓÈíá ÇáãËÇá¡ ÇáÍÌã¡ ÇáãæÇÏ¡ ÇáÎ)","Specifications (eg. size, material, etc.)",,,"selected(${q_mosquitonet_available_in_shop},'yes')",,,,,,,,,,
text,q_mosquitonet_brand,"ÇÓã ÇáãÇÑßÉ (Åä áã íæÌÏ ãÇÑßÉ ÇßÊÈ ""áÇ ÔíÁ""",Brand ,,,"selected(${q_mosquitonet_available_in_shop},'yes')",,,,,,,,,,
end group,,,,,,,,,,,,,,,,
select_one yes_no,q_sell_stove,åá åĞÇ ÇáãÍá ÚÇÏÉ ãÇ íÈíÚ ÇáİÑä¿,Does this shop normally sell basic stoves?,yes,,,,,,,,,,,,
begin group ,group_stove,ÇáİÑä,Basic stove,,,"selected(${q_sell_stove},'yes')",,,,,,,,,,
select_one yes_no,q_stove_available_in_shop,åá ÇáãæÇŞÏ ãÊæİÑÉ ÍÇáíÇ İí åĞÇ ÇáãÍá¿,Are basic stoves currently available in this shop?,yes,,,,,,,,,,,,
decimal,q_stove_price,ÇáÓÚÑ ÈÇáÏíäÇÑ ÇááíÈí,Price (Libyan dinar),,,"selected(${q_stove_available_in_shop},'yes')",,.>0,Value must be greater than 0,ÇáŞíãÉ íÌÈ Çä Êßæä ÃßËÑ  ãä 0,,,,Please write the price for the quantity you have just entered,ÑÌÇÁ ÍÏÏ ÓÚÑ ÇáßãíÉ ÇáãÏÎáÉ ÃÚáÇå,
text,q_stove_specifications,,"Specifications (eg. size, material, etc.)",,,"selected(${q_stove_available_in_shop},'yes')",,,,,,,,,,
text,q_stove_brand,"ÇÓã ÇáãÇÑßÉ (Åä áã íæÌÏ ãÇÑßÉ ÇßÊÈ ""áÇ ÔíÁ""",Brand ,,,"selected(${q_stove_available_in_shop},'yes')",,,,,,,,,,
end group,,,,,,,,,,,,,,,,
select_one yes_no,q_sell_heater,åá íÈíÚ åĞÇ ÇáãÍá ÃÌåÒÉ ááÊÏİÆÉ İí ÇáãÚÊÇÏ¿,Does this shop normally sell movable heaters?,yes,,,,,,,,,,,,
begin group ,group_heater,ÌåÇÒ ááÊÏİÆÉ,Movable heater,,,"selected(${q_sell_heater},'yes')",,,,,,,,,,
select_one yes_no,q_heater_available_in_shop,åá ÃÌåÒÉ ááÊÏİÆÉ ãÊæİÑÉ ÍÇáíÇ İí ÇáãÊÌÑ¿,Are movable heaters currently available in this shop?,yes,,,,,,,,,,,,
decimal,q_heater_price,ÇáÓÚÑ ÈÇáÏíäÇÑ ÇááíÈí,Price (Libyan dinar),,,"selected(${q_heater_available_in_shop},'yes')",,.>0,Value must be greater than 0,ÇáŞíãÉ íÌÈ Çä Êßæä ÃßËÑ  ãä 0,,,,Please write the price for the quantity you have just entered,ÑÌÇÁ ÍÏÏ ÓÚÑ ÇáßãíÉ ÇáãÏÎáÉ ÃÚáÇå,
text,q_heater_specifications,,"Specifications (eg. size, material, etc.)",,,"selected(${q_heater_available_in_shop},'yes')",,,,,,,,,,
text,q_heater_brand,"ÇÓã ÇáãÇÑßÉ (Åä áã íæÌÏ ãÇÑßÉ ÇßÊÈ ""áÇ ÔíÁ""",Brand ,,,"selected(${q_heater_available_in_shop},'yes')",,,,,,,,,,
end group,,,,,,,,,,,,,,,,
end group,,,,,,,,,,,,,,,,
begin group ,group_prices_availability,ÇáÃÓÚÇÑ æÊæÇİÑ,Prices and availability,,,"not(selected(${q_acted_purpose},'pos_monitoring'))",,,,,,,,,,
select_one price_changes,q_price_changes,åá áÇÍÙÊ Ãí ÊÛíÑÇÊ ßÈíÑÉ İí ÇáÃÓÚÇÑ İí ÂÎÑ 30 íæãÇ¿,Did you notice any significant price changes in the last 30 days?,,,,,,,,,,,,,
select_multiple item,q_price_changes_2,Ãí ãæÇÏ İíåÇ áÇÍÙÊ ÊÛíÑÇÊ İí ÇáÃÓÚÇÑ¿,For which items did you notice price changes?,,,"selected(${q_price_changes},'changes_yes')",,,,,,,,,,
text,q_price_changes_3,áãÇĞÇ ÊÛíÑÊ ÃÓÚÇÑ åĞå ãæÇÏ ÈÔßá ßÈíÑ¿,Why did the prices of these items change significantly?,,,"selected(${q_price_changes},'changes_yes')",,,,,,,,,,
select_one unavailable,q_unavailable,"åá ÈÚÖ ãæÇÏ ÛíÑ ãÊæİÑÉ ÍÇáíÇ İí ãÊÌÑß¡ æÇáÊí ÚÇÏÉ ãÇ ÊÈíÚåÇ¿","Are some items currently unavailable in your shop, which you normally sell?",,,,,,,,,,,,,
select_multiple item,q_unavailable_2,Ãí ãä ãæÇÏ ÇáÊÇáíÉ ÛíÑ ãÊæİÑÉ ÍÇáíÇ İí ãÊÌÑß¿,Which of the following items are currently unavailable at your shop?,,,"selected(${q_unavailable},'unavailable_yes')",,,,,,,,,,
text,q_unavailable_3,áãÇĞÇ áÇ ÊÊæİÑ åĞå ãæÇÏ ÍÇáíÇ¿,Why are these items currently unavailable?,,,"selected(${q_unavailable},'unavailable_yes')",,,,,,,,,,
select_multiple item,q_wfp_availability_1,ãÇ åí ÇáÚäÇÕÑ ÇáËáÇËÉ ÇáÊí ÊÈÇÚ ÏÇÆãÇ ÈÓÑÚÉ ßÈíÑÉ ãä ãÊÌÑß ¿,What are the 3 items that are always sold very quickly from your shop?,,,"selected(${q_orgname},'wfp')",,,,,,,,,,
select_one wfp_replenish,q_wfp_availability_2,ßã ãä ÇáæŞÊ íÓÊÛÑŞ ãäß ÊÌÏíÏ ÇáãÎÒæä¿,How long does it take you to replenish the stock of the items you sold quickly?,,,"selected(${q_orgname},'wfp')",,,,,,,,,,
end group,,,,,,,,,,,,,,,,
begin group ,group_supply_chain,ÓáÓáÉ ÊæÑíÏ,Supply chains,,,"not(selected(${q_acted_purpose},'pos_monitoring'))",,,,,,,,,,
begin group ,q_supplier_dry,Ãíä íŞÚ ãÒæÏß ÇáÑÆíÓí ááãæÇÏ ÇáÛĞÇÆíÉ ÇáÌÇİÉ (ãËá ÇáÃÑÒ æÏŞíŞ ÇáŞãÍ æÇáÓßÑ) ¿,"Where is your main supplier of dry food items (e.g. rice, wheat flour, sugar) located ?",,,"selected(${q_shop_type},'general_store') or selected(${q_shop_type},'bakery')",,,,,,,,,,
select_one Region,q_supplier_dry_region,ÇáÌåÉ,Region:,,,,,,,,,,,,,
select_one District,q_supplier_dry_district,ÇáãäØŞÉ ,District:,,,,,,,,region = ${q_supplier_dry_region},,,,,
select_one Municipality,q_supplier_dry_municipality,ÇáÈáÏíÉ,Municipality:,,,,,,,,district = ${q_supplier_dry_district},,,,,
end group,,,,,,,,,,,,,,,,
begin group ,q_supplier_veg,Ãíä íŞÚ ãÒæÏß ÇáÑÆíÓí ááÎÖÑÇæÇÊ ¿,Where is your main supplier of vegetables located ?,,,"selected(${q_shop_type},'general_store') or selected(${q_shop_type},'vegetable') or selected(${q_shop_type},'central_market')",,,,,,,,,,
select_one Region,q_supplier_veg_region,ÇáÌåÉ,Region:,,,,,,,,,,,,,
select_one District,q_supplier_veg_district,ÇáãäØŞÉ ,District:,,,,,,,,region = ${q_supplier_veg_region},,,,,
select_one Municipality,q_supplier_veg_municipality,ÇáÈáÏíÉ,Municipality:,,,,,,,,district = ${q_supplier_veg_district},,,,,
end group,,,,,,,,,,,,,,,,
begin group ,q_supplier_meat,Ãíä íŞÚ ãÒæÏß ÇáÑÆíÓí ááÍæã  (ÇáÏÌÇÌ æÇáÖÃä) ¿,Where is your main supplier of meat (e.g. chicken and lamb meat) located ?,,,"selected(${q_shop_type},'general_store') or selected(${q_shop_type},'butcher') or selected(${q_shop_type},'central_market')",,,,,,,,,,
select_one Region,q_supplier_meat_region,ÇáÌåÉ,Region:,,,,,,,,,,,,,
select_one District,q_supplier_meat_district,ÇáãäØŞÉ ,District:,,,,,,,,region = ${q_supplier_meat_region},,,,,
select_one Municipality,q_supplier_meat_municipality,ÇáÈáÏíÉ,Municipality:,,,,,,,,district = ${q_supplier_meat_district},,,,,
end group,,,,,,,,,,,,,,,,
begin group ,q_supplier_nfi,"Ãíä íŞÚ ãÒæÏß ÇáÑÆíÓí ááãæÇÏ ÇáäÙÇİÉ (ãËá ÇáÕÇÈæä¡ ãäÙİÇÊ ÇáÛÓíá) ¿ ","Where is your main supplier of hygiene items (e.g. soap, laundry detergent) located ?",,,"selected(${q_shop_type},'general_store') or selected(${q_shop_type},'hygiene')",,,,,,,,,,
select_one Region,q_supplier_nfi_region,ÇáÌåÉ,Region:,,,,,,,,,,,,,
select_one District,q_supplier_nfi_district,ÇáãäØŞÉ ,District:,,,,,,,,region = ${q_supplier_nfi_region},,,,,
select_one Municipality,q_supplier_nfi_municipality,ÇáÈáÏíÉ,Municipality:,,,,,,,,district = ${q_supplier_nfi_district},,,,,
end group,,,,,,,,,,,,,,,,
begin group ,q_supplier_fuel,Ãíä íŞÚ ãÒæÏß ÇáÑÆíÓí áÛÇÒ ÇáØåí ¿ ,Where is your main supplier of cooking fuel ?,,,"selected(${q_shop_type},'fuel_shop')",,,,,,,,,,
select_one Region,q_supplier_fuel_region,ÇáÌåÉ,Region:,,,,,,,,,,,,,
select_one District,q_supplier_fuel_district,ÇáãäØŞÉ ,District:,,,,,,,,region = ${q_supplier_fuel_region},,,,,
select_one Municipality,q_supplier_fuel_municipality,ÇáÈáÏíÉ,Municipality:,,,,,,,,district = ${q_supplier_fuel_district},,,,,
end group,,,,,,,,,,,,,,,,
end group,,,,,,,,,,,,,,,,
begin group ,group_liquidity,ãÔÇßá ÇáÓíæáÉ ,Liquidity issues,,,,,,,,,,,,,
select_one liquidity_issue,q_liquidity,åá ÃäÊ ŞÇÏÑ Úáì ÇáæÕæá Åáì ãÇ íßİí ãä ÇáäŞÏ áŞÖÇÁ ÇáãÏİæÚÇÊ ÇáÎÇÕÉ Èß¿,Are you able to access enough cash to make your payments?,,,,,,,,,,,,,
text,q_liquidity_2,"ä áã íßä¡ ßíİ íÄËÑ Ğáß Úáì ÇáãÍá ÇáÎÇÕ Èß¿","If not, how does it affect your shop?",,,"selected(${q_liquidity},'no')",,,,,,,,,,
end group,,,,,,,,,,,,,,,,
begin group ,group_modalities,ØÑíŞÉ ÇáÏİÚ,Payment modalities,,,,,,,,,,,,,
select_multiple modalities,q_modalities_1,  Ãí ãä ÇáØÑŞ ÇáÊÇáíÉ ááÏİÚ ãÊæİÑÉ İí ãÍáß¿,Which of the following modalities of payment are available in your shop?,,,,,,,,,,,,,
text,q_modalities_1_other,ÈÇáÊÍÏíÏ:,Specify:,,,"selected(${q_modalities_1},'other_modality')",,,,,,,,,,
integer ,q_modalities_conditions_ecard,ßã ÃßËÑ (?)  ÊßÇáíİ ãæÇÏ ÚäÏãÇ ÊÏİÚ ÈæÇÓØÉ ÈØÇŞÉ ÇáÇÆÊãÇä Ãæ ÇáÎÕã¿,How much more (in %) do items cost when paid for by credit or debit card?,,,"selected(${q_modalities_1},'credit_debit_card')",,. >= 0 and . < 100,,,,,,,,
integer ,q_modalities_conditions_atib,ßã ãŞÏÇÑ ÇáÒíÇÏÉ ÇáãÆæíÉ İí ÇÓÚÇÑ ÇáÓáÚ ÚäÏ ÇáÏİÚ ÈÇÓÊÎÏÇã ÈØÇŞÉ ÊÏÇæá¿,How much more (in %) do items cost when paid for by Tadawul prepaid card?,,,"selected(${q_acted_purpose},'pos_monitoring') and selected(${q_modalities_1},'atib_card')",,. >= 0 and . < 100,,,,,,,,
integer ,q_modalities_conditions_check,ßã ÃßËÑ (?)  ÊßÇáíİ ãæÇÏ ÚäÏ ÇáÏİÚ Úä ØÑíŞ ÇáÔíßÇÊ¿,How much more (in %) do items cost when paid for by check?,,,"selected(${q_modalities_1},'check')",,. >= 0 and . < 100,,,,,,,,
integer ,q_modalities_conditions_mobilemoney,ßã ÃßËÑ (?)  ÊßÇáíİ ãæÇÏ ÚäÏ ÇáÏİÚ Úä ØÑíŞ ÇáãÚÇãáÇÊ ÇáãÇáíÉ ÈÇáåÇÊİ ÇáãÍãæá¿,How much more (in %) do items cost when paid for by mobile money?,,,"selected(${q_modalities_1},'mobile_money')",,. >= 0 and . < 100,,,,,,,,
text,q_modalities_alternatives,ÅĞÇ ßäÊ ÊŞÈá İŞØ äŞÏÇ: áãÇĞÇ äŞÏÇ İŞØ¿ ãÇ ÇáĞí íãäÚß ãä ŞÈæá ØÑÇÆŞ ÇáÏİÚ ÇáÃÎÑì¿,If you only accept cash: Why only cash? What is stopping you from accepting other payment modalities?,,,,,,,,,,,,,
text,q_modalities_alternatives_2,åá ÊÑÛÈ İí ŞÈæá ØÑŞ ÇáÏİÚ ÇáÃÎÑì (ãËá ÈØÇŞÉ ÇáÔíß Ãæ ÇáÎÕã)¿ ãÇ åí ÇáÊÍÏíÇÊ ÅĞÇ ŞãÊ ÈÅÏÎÇá ØÑÇÆŞ ÏİÚ ÌÏíÏÉ İí ãÊÌÑß¿,Would you be interested in accepting other payment modalities (e.g. cheque or debit card)? What would be the challenges if you introduced new payment modalities in your shop?,,,,,,,,,,,,,
select_one wfp_barter,q_wfp_modalities_2,  ßã ãä ãÑÉ İí ÇáÃÓÈæÚ íÔÊÑí ÇáäÇÓ ãä ãÍáßã ÇáãæÇÏ ÇáÛĞÇÆíÉ ÇáÃÓÇÓíÉ Ãæ ÇáãæÇÏ ÛíÑ ÇáÛĞÇÆíÉ ãä ÎáÇá ÇáãŞÇíÖÉ  Ãæ íÑÛÈæä ÈÏáß¿,How often does it happen in your shop that people are buying basic food or nonfood items through barter (exchanging item with another one) or would like to?,,,"selected(${q_orgname},'wfp')",,,,,,,,,,
select_multiple modalities_supplier,q_modalities_supplier,  ßíİ ÊÏİÚæä ááãÒæÏíä ¿,How do pay your suppliers?,,,,,,,,,,,,,
text,q_modalities_supplier_other,ÈÇáÊÍÏíÏ:,Specify:,,,"selected(${q_modalities_supplier},'other_modalities_supplier')",,,,,,,,,,
end group,,,,,,,,,,,,,,,,
begin group ,group_mc_access,ÇáæÕæá Åáì ÇáÎÏãÇÊ,Access,,,"selected(${q_orgname},'mercy_corps')",,,,,,,,,,
select_one access_challenge,q_mc_access,"İí ÑÃíß¡ åá íæÇÌå ÇáäÇÓ Ãí ÊÍÏíÇÊ ááæÕæá Åáì ãÊÌÑß æ / Ãæ ÇáÎÏãÇÊ ÇáÊí ÊŞÏãåÇ¿","In your opinion, are there any challenges for people to access your shop and/or services?",,,,,,,,,,,,,
end group,,,,,,,,,,,,,,,,
begin group ,group_mc_vulnerability,åÔÇÔÉ ÇáæÖÚ,Vulnerability,,,"selected(${q_orgname},'mercy_corps')",,,,,,,,,,
select_multiple vulnerability,q_mc_vulnerability_characteristics,ãÇ åí ÇáÎÕÇÆÕ ÇáÑÆíÓíÉ ááÃÓÑ ÇáãÚíÔíÉ ÇáÊí ÊßÇİÍ ãä ÃÌá ÇáÍÕæá Úáì ÇáÛĞÇÁ¿,What are the main characteristics of households that struggle to afford food?,,,,,,,,,,,,,
text,q_mc_vulnerability_characteristics_other,ÈÇáÊÍÏíÏ:,Specify:,,,"selected(${q_mc_vulnerability_characteristics},'other_vulnerability')",,,,,,,,,,
text,q_mc_vulnerability_challenges,"Úáì ÇáÕÚíÏ ÇáÚÇáãí¡ ÈÑÃíß¡ ãÇ åæ ÇáÊÍÏí ÇáÃßÈÑ ÇáĞí ÊæÇÌåå ÇáÃÓÑ İí ÇáÍÕæá Úáì ÇáÛĞÇÁ / ÇáãæÇÏ ÛíÑ ÇáÛĞÇÆíÉ¿ (ÊÍÏí ÇáÍÕæá Úáì ÇáÛĞÇÁ / ÇáãæÇÏ ÛíÑ ÇáÛĞÇÆíÉ)",What is the biggest challenge for households to have access to food/non-food items?,,,,,,,,,,,,,
end group,,,,,,,,,,,,,,,,
begin group ,group_wfp_impact, ÃËÑ ãÓÇÚÏÉ ÇáÈÑäÇãÌ Úáì ÇáÓæŞ ÇáãÍáíÉ,Impact of WFP assistance on the local market,,,"selected(${q_orgname},'wfp')",,,,,,,,,,
select_one wfp_impact,q_wfp_impact_1,  åá íŞæã ÇáäÇÓ ÈÈíÚ ÇáãæÇÏ ÇáÊí íÊáŞæäåÇ ãä ÈÑäÇãÌ ÇáÃÛĞíÉ ÇáÚÇáãí Åáì ÇáãÊÇÌÑ ÇáãÍáíÉ¿,Do people sell the items they receive from WFP to the local shops?,,,,,,,,,,,,,
select_multiple wfp_impact_2,q_wfp_impact_2,"ÅĞÇ ßÇäÊ ÇáÅÌÇÈÉ ÈäÚã¡ İãÇ åí ÇáÈÖÇÚÉ ÇáÃßËÑ ÈíÚÇ¿","If yes, which items are mostly sold?",,,"selected(${q_wfp_impact_1},'impact_yes')",,,,,,,,,,
text,q_wfp_impact_2_other,ÈÇáÊÍÏíÏ:,Specify:,,,"selected(${q_wfp_impact_2},'impact_other')",,,,,,,,,,
select_one wfp_impact_3,q_wfp_impact_3,  åá áÇÍÙÊã Ãí ÊŞáÈÇÊ İí ÇáÃÓÚÇÑ İí ÇáÓæŞ ÇáãÍáíÉ ÈÚÏ ÊæÒíÚ ÈÑäÇãÌ ÇáÃÛĞíÉ ÇáÚÇáãí İí ãäØŞÉ ãÊÌÑß¿,Do you notice any fluctuation of prices in the local market after a distribution of WFP in the area of your shop?,,,,,,,,,,,,,
end group,,,,,,,,,,,,,,,,
begin group ,group_wfp_gender,ÇáäæÚ ÇáÇÌÊãÇÚí ,Gender,,,"selected(${q_orgname},'wfp')",,,,,,,,,,
select_one gender,q_wfp_gender_1,  ÓÄÇá áÕÇÍÈ ÇáãÍá : åá Ãä ÛÇáÈíÉ ÇáãÔÊÑíä İí  ãÍáßã åã ãä ÇáÑÌÇá Ãæ ÇáäÓÇÁ¿,Shop owner: Would you say that the majority of the buyers in your shop are men or women?,,,,,,,,,,,,,
text,q_wfp_gender_2,"  ÓÄÇá áÕÇÍÈ ÇáãÍá : ÈÇÓÊËäÇÁ ÇáãÇáß¡ ßã ãä ÇáäÓÇÁ íÚãáä İí ÇáãÍá¿","Shop owner: Excluding the owner, how many women work in the shop?",,,,,,,,,,,,,
select_one gender_2,q_wfp_gender_3,  ÓÄÇá áÕÇÍÈ ÇáãÍá : åá åäÇß İÑŞ Èíä ÃäæÇÚ ÇáãæÇÏ ÇáÊí íÔÊÑíåÇ ÇáÑÌÇá æÇáäÓÇÁ¿,Shop owner: Is there a difference between the types of items purchased by men and women?,,,,,,,,,,,,,
select_multiple item,q_wfp_gender_4,  ãÇ åí ÃäæÇÚ ÇáÓáÚ ÇáÊí Êãíá ÇáäÓÇÁ Åáì ÔÑÇÆåÇ¿,What types of items do women tend to purchase?,,,"selected(${q_wfp_gender_3},'gender_yes')",,,,,,,,,,
text,q_wfp_gender_5,  ÓÄÇá  ááÔÑíß : ßã ÚÏÏ ÇáãÍáÇÊ ÇáÊÌÇÑíÉ ÇáÊí ŞãÊ ÈÒíÇÑÊåÇ¿,CP question: How many shops did you visit?,,,,,,,,,,,,,
text,q_wfp_gender_6,  ãä Èíä Êáß  ßã ÚÏÏ ÇáãÍáÇÊ ÇáÊí ßÇäÊ ÊãáßåÇ ÇáäÓÇÁ¿,"Out of those, how many were owned by women?",,,,,,,,,,,,,
end group,,,,,,,,,,,,,,,,
text,q_general_comments,åá áÏíß Ãí ÊÚáíŞÇÊ ÃÎÑì Úáì åĞÇ ÇáãÍá / ÇáÓæŞ¿,Do you have any further comments on this shop/market?,,,,,,,,,,,,,
end group ,,,,,,,,,,,,,,,,
