type,name,label::English,required,default,relevant,appearance,constraint,constraint_message::English,label::Arabic (ar),constraint_message::Arabic (ar),choice_filter,calculation,hint::English (en),hint::Arabic (ar),repeat_count
start,start,,,,,,,,,,,,,,
end,end,,,,,,,,,,,,,,
today,today,,,,,,,,,,,,,,
deviceid,device_id,,,,,,,,,,,,,,
select_one organisation_name,organisation_name,Please select your organisation:,yes,,,quick,,,íÑÌì ÇÎÊíÇÑ ãäÙãÊß:,,,,,,
select_one enumerator_id,enumerator_id,Name of enumerator or ID,yes,,,quick,,,ãÚÈÆ ÇáÇÓÊÈíÇä/ ÇáãÚÑİ,,organisation = ${organisation_name},,,,
calculate,pull_name,,,,,,,,,,,"pulldata('unique_identifier', 'name', 'name_key', ${enumerator_id})",,,
note,enumerator_name,"The holder of this id is ${pull_name}, if this is not your name please go back and select the appropriate id",,,,,,,"ÕÇÍÈ åĞÇ ÇáãÚÑİ åæ ${pull_name}  ÅĞÇ áã íßä åĞÇ ÇÓãß ¡ íÑÌì ÇáÑÌæÚ æÊÍÏíÏ ÇáåæíÉ ÇáãäÇÓÈÉ",,,,,,
select_one Mantika,Mantika,Mantika (Admin 2):,yes,,,quick,,,ãäØŞÉ,,,,,,
select_one Baladiya,Baladiya,Baladiya (Admin 3):,yes,,,quick,,,ÈáÏíÉ,,Mantika=${Mantika},,,,
select_one area_code,area_code,Please select the area code you are currently doing the survey,yes,,,quick,,,íÑÌì ÊÍÏíÏ ÑãÒ ÇáãäØŞÉ ÇáÊí ÊÌÑí İíåÇ ÇáãÓÍ,,Mantika=${Mantika},,,,
select_one point_code,point_code,Please select the the point code you are interviewing,yes,,,quick,,,ãÇåæ ÇáãÚÑİ ááãæŞÚ ÇáĞí ÇäÊ İíå ÇáÇä¿,,area_code=${area_code},,Look in the app My Maps (id_XXX),ÇäÙÑ Çáì ÊØÈíŞ  My Maps (id_XXX) ,
geopoint,geolocation,Please take the GPS coordinates of the survey location,yes,,,,,,ÇÎĞ ÅÍÏÇËíÇÊ GPS,,,,,,
note,introduction_paragraph,"Hi, my name is ${pull_name} I am working with ${organisation_name} on behalf of a project from ACTED, an international organisation based in Libya.  We are conducting a survey to provide current information on critical needs and priorities for humanitarian actors supporting vulnerable communities across Libya. We value your participation in this survey which should take approximately 30 minutes to conduct. Many thanks in advance for your cooperation.",,,,,,,"ÇåáÇ,ÇÓãí  ${pull_name}  Úãá ãÚ ${organisation_name}  áİÇÆÏÉ ãÔÑæÚ ãä ØÑİ ACTED, ãäÙãÉ ÚÇáãíÉ áåÇ İÑÚ İí áíÈíÇ. äÍä äŞæã ÈÇÓÊÈíÇäÇÊ áÌãÚ ãÚáæãÇÊ Úä ÇÍÊíÇÌÇÊ ÇáÇÔÎÇÕ æ ÇæáæíÇÊåã áÕÇáÍ ÇáãäÙãÇÊ ÇáÇäÓÇäíÉ ÇáÚÇáãíÉ áãÓÇäÏÉ ÇáÇÔÎÇÕ ÇáãÍÊÇÌíä İí áíÈíÇ. äŞÏÑ ßËíÑÇ ãÔÇÑßÊß İí åĞÇ ÇáÇÓÊÈíÇä ÇáĞí áÇ íÊÌÇæÒ 30 ÏŞíŞÉ. ÔßÑÇ ãÓÈŞÇ Úáì ÊÚÇæäßã.",,,,,,
select_one yes_no,consent,Do you consent participating in this survey?,yes,,,quick,,,åá ÊæÇİŞ Úáì ÇáãÔÇÑßÉ İí ÇáÇÓÊÈíÇä¿,,,,,,
begin_group,consented,consented,yes,,${consent} = 'yes',,,,ÇáãæÇİŞÉ ,,,,,,
,,,,,,,,,,,,,,,
begin_group,bio_data,Bio Data,yes,,,,,,ãÚáæãÇÊ ÔÎÕíÉ,,,,,,
select_one displacement_status,displacement_status,What is the displacement status of most members of this household? ,yes,,,quick,,,Åáì Ãí İÆÉ íäÊãí ÃÛáÈ ÃİÑÇÏ ÇáÇÓÑÉ ¿ ,,,,,"ÍÇáÉ ÇáäÒæÍ: Úáì  ÍÓÈ ÑÈ ÇáÃÓÑÉ ãËáÇ ÅĞÇ ßÇä ÑÈ ÇáÃÓÑÉ åæ ÃÍÏ ÇáÚÇÆÏíä ¡ İåæ ãä ÇáÚÇÆÏíä.",
select_one yes_no,HoH,Is the interviewee the head of household? ,yes,,,quick,,,åá ÇáÔÎÕ ÇáĞí ÊÊã ãŞÇÈáÊå åæ ÑÈ ÇáÇÓÑÉ¿,,,,,"ÑÈ ÇáÃÓÑÉ : ""ÇáÔÎÕ ÇáÑÆíÓí ÇáãÓÄæá Úä ÇÊÎÇĞ ÇáŞÑÇÑÇÊ ÇáßÈíÑÉ äíÇÈÉ Úä ÇáÃÓÑÉ ¡ ÈãÇ İí Ğáß ÇáŞÑÇÑÇÊ ÇáãÇáíÉ æÇáŞÇäæäíÉ""",
select_one relation_HoH,relation_HoH,"If no, what is the relationship to the head of household? ",yes,,"selected(${HoH},'no')",quick,,,"ÅĞÇ ßÇäÊ ÇáÅÌÇÈÉ ""áÇ"", ãÇåí ÕáÉ ŞÑÇÈÉ ÇáãÓÊÌæÈ ÈÑÈ ÇáÇÓÑÉ¿",,,,,,
integer,age_HoH,How old is the head of the household?,yes,,,,. >= 18 and .<100,Head of Household needs to be above 18,ãÇ åæ ÚãÑ ÑÈ ÇáÃÓÑÉ¿,íÌÈ Ãä íßæä ÑÈ ÇáÇÓÑÉ İæŞ 18 ÚÇãğÇ,,,Please put the number 99 if the interviewee did not want to answer,"Åä ßÇä ÇáãÓÊÌæÈ áÇ íÑíÏ ÇáÇÌÇÈÉ Úä åĞÇ ÇáÓÄÇá¡ ÖÚ ÇáÑŞã 99. ",
select_one male_female,sex_HoH,What is the sex of the head of household?,yes,,,quick,"if(selected(${relation_HoH},'wife'),not(selected(.,'female')),if(selected(${relation_HoH},'husband'),not(selected(.,'male')),count-selected(.)=1))","If relation to HoH is wife, sex HoH female cannot be selected, If relation to HoH is husband, sex HoH male cannot be selected",ãÇ åæ ÌäÓ ÑÈ ÇáÃÓÑÉ¿,"Åä ÇÎÊÑÊ ""ÒæÌÉ"" İí ÇáÓÄÇá ÇáÓÇÈŞ áÇ íãßä ÅÎÊíÇÑ ""ÃäËì""¡ Åä ÇÎÊÑÊ ""ÒæÌ"" İí ÇáÓÄÇá ÇáÓÇÈŞ áÇ íãßä ÅÎÊíÇÑ ""ĞßÑ """,,,,,
integer,nb_ind_hh,How many people live in your household ? (including the interviewee and hosted people economically dependent upon you),yes,,,,"if(selected(${HoH},'no'), . >= 2, .>=1)","Minimum 1 person, if the interviewee is not the HoH then Minimum 2 ",ßã ÚÏÏ ÇáÃİÑÇÏ ÇáĞíä íÚíÔæä İí ãäÒáß¿ ÈãÇ İí Ğáß ÇáÔÎÕ ÇáĞí ÃÌÑíÊ ãÚå ÇáãŞÇÈáÉ æÇáÃÔÎÇÕ ÇáãÓÊÖÇİíä ÇáĞíä íÚÊãÏæä Úáíß ÇŞÊÕÇÏíğÇ,"ÇáÚÏÏ ÇáÃÏäì åæ 1, ÅĞÇ ßÇä ÇáãÓÊÌæÈ áíÓ ÑÈ/ÑÈÉ ÇáÈíÊ İÇáÚÏÏ ÇáÃÏäì åæ 2  ",,,,"ÇáÃÓÑÉ: ""ãÌãæÚÉ ãä ÇáÃÔÎÇÕ ÇáĞíä íÚíÔæä ÚÇÏÉ ÊÍÊ ÓŞİ æÇÍÏ æíÊŞÇÓãæä äİÓ ÇáØÚÇã"". ÅĞÇ ßÇäÊ åäÇß ÚÇÆáíÊÇä ÊÚíÔÇä ÊÍÊ ÓŞİ æÇÍÏ¡ æ ßÇäÇ ãÑÊÈØíä ÇŞÊÕÇÏíğÇ ¡ İÓÊßæä åĞå ÇáÃÓÑÉ æÇÍÏÉ",
begin_group,hh_roster_male,Please tell me how many males there are of the following in your household ?,yes,,,field-list,,,ßã ÚÏÏ ÇáĞßæÑ İí ãÇ íáí İí ÃÓÑÊß ÈãÇ İí Ğáß ÇáÔÎÕ ÇáĞí ÊãÊ ãŞÇÈáÊå,,,,Write 0 if there are no individuals in a category,ÖÚ 0 Çä áã íßä åäÇß ÇİÑÇÏ İí ÇáİÆÉ ,
integer,nb_infants_male,Infants 0-5years:,yes,,,,.>=0 and .<20,Value must be between 0 and 20,ÇáÑÖÚ (0 - 5 ÓäæÇÊ),,,,,,
integer,nb_children_male,Children 6-14 years:,yes,,,,.>=0 and .<20,Value must be between 0 and 20,ÇáÃØİÇá (6-14 ÓäÉ),,,,,,
integer,nb_youth_male,Youth 15-17 years:,yes,,,,.>=0 and .<20,Value must be between 0 and 20,ÇáÔÈÇÈ (15-17 ÓäÉ),,,,,,
integer,nb_adults_male,Adults 18-64:,yes,,,,"if((${age_HoH}<65 and selected(${sex_HoH} ,'male')),  .>0, (.>=0 and .<20))","Can't be zero, the head of household is an adult",ÇáßÈÇÑ (18 - 64 ÓäÉ),"áÇ íãßä Ãä íßæä ÕİÑÇğ ¡ ÑÈ ÇáÃÓÑÉ ÔÎÕ ÈÇáÛ",,,,,
integer,nb_elderly_male,Elderly 65+ years:,yes,,,,"if((${age_HoH}>=65 and selected(${sex_HoH} ,'male')),  .>0, (.>=0 and .<20))","Can't be zero, the head of household is an elderly",ßÈÇÑ ÇáÓä (65+ ÓäÉ ,"áÇ íãßä Ãä íßæä ÕİÑÇ ¡ ÑÈ ÇáÃÓÑÉ ãä ßÈÇÑ ÇáÓä",,,,,
end_group,,,,,,,,,,,,,,,
calculate,calcul_nb_ind_hh_male,,,,,,,,,,,${nb_infants_male}+${nb_children_male}+${nb_youth_male}+${nb_adults_male}+${nb_elderly_male},,,
calculate,calcul_nb_under18_male,,,,,,,,,,,${nb_infants_male}+${nb_children_male}+${nb_youth_male},,,
calculate,calcul_nb_over18_male,,,,,,,,,,,${nb_adults_male}+${nb_elderly_male},,,
begin_group,hh_roster_female,Please tell me how many female there are of the following in your household ?,yes,,,field-list,,,ÃÑÌæ Ãä ÊÎÈÑäí ßã ÚÏÏ ãÇ íáí ãä ÇáÇäÇË İí ÃÓÑÊß¿,,,,Write 0 if there are no individuals in a category,ÖÚ 0 Çä áã íßä åäÇß ÇİÑÇÏ İí ÇáİÆÉ ,
integer,nb_infants_female,Infants 0-5years:,yes,,,,.>=0 and .<20,Value must be between 0 and 20,ÇáÑÖÚ (0 - 5 ÓäæÇÊ),,,,,,
integer,nb_children_female,Children 6-14 years:,yes,,,,.>=0 and .<20,Value must be between 0 and 20,ÇáÃØİÇá (6-14 ÓäÉ),,,,,,
integer,nb_youth_female,Youth 15-17 years:,yes,,,,.>=0 and .<20,Value must be between 0 and 20,ÇáÔÈÇÈ (15-17 ÓäÉ),,,,,,
integer,nb_adults_female,Adults 18-64:,yes,,,,"if((${age_HoH}<65 and selected(${sex_HoH} ,'female')),  .>0, (.>=0 and .<20))","Can't be zero, the head of household is an adult",ÇáßÈÇÑ (18 - 64 ÓäÉ),"áÇ íãßä Ãä íßæä ÕİÑÇğ ¡ ÑÈ ÇáÃÓÑÉ ÔÎÕ ÈÇáÛ",,,,,
integer,nb_elderly_female,Elderly 65+ years:,yes,,,,"if((${age_HoH}>=65 and selected(${sex_HoH} ,'female')),  .>0, (.>=0 and .<20))","Can't be zero, the head of household is an elderly",ßÈÇÑ ÇáÓä (65+ ÓäÉ ,"áÇ íãßä Ãä íßæä ÕİÑÇ ¡ ÑÈ ÇáÃÓÑÉ ãä ßÈÇÑ ÇáÓä",,,,,
end_group,,,,,,,,,,,,,,,
calculate,calcul_nb_ind_hh_female,,,,,,,,,,,${nb_infants_female}+${nb_children_female}+${nb_youth_female}+${nb_adults_female}+${nb_elderly_female},,,
calculate,calcul_nb_under18_female,,,,,,,,,,,${nb_infants_female}+${nb_children_female}+${nb_youth_female},,,
calculate,calcul_nb_over18_female,,,,,,,,,,,${nb_adults_female}+${nb_elderly_female},,,
calculate,calcul_nb_ind_hh,,,,,,,,,,,${calcul_nb_ind_hh_female} + ${calcul_nb_ind_hh_male},,,
calculate,calcul_nb_under18,,,,,,,,,,,${calcul_nb_under18_female} + ${calcul_nb_under18_male},,,
calculate,calcul_nb_over18,,,,,,,,,,,${calcul_nb_over18_female} + ${calcul_nb_over18_male},,,
note,error,The total number of individuals mentioned here is not equal to the one you mentioned earlier ,yes,,${calcul_nb_ind_hh}!=${nb_ind_hh},,,,ÇáÚÏÏ ÇáÌãáí áÇİÑÇÏ ÇáãĞßæÑíä åäÇ áÇ íÓÇæí ÇáÚÏÏ ÇáĞí Êã ÇÏÎÇáå ÓÇÈŞÇğ  ,,,,,,
select_one yes_no,hosting_displaced,Are you currently hosting family members or others that have been displaced from another place in the mantika or Libya?,yes,,,quick,,,åá ÊÓÊÖíİ ÍÇáíÇ ÃİÑÇÏ ÇáÚÇÆáÉ Ãæ ÛíÑåã ããä äÒÍæÇ ãä ãßÇä ÂÎÑ ÏÇÎá äİÓ ÇáãäØŞÉ Çæ İí áíÈíÇ¿,,,,,,
integer,nb_displaced_hosted,"If yes, how many?",yes,,"selected(${hosting_displaced},'yes')",,. <= ${nb_ind_hh},number of hosted members can't exceed the total household members,"ÅĞÇ ßÇä ÇáÌæÇÈ äÚã¡ ßã ÇáÚÏÏ¿",áÇ íãßä Ãä íÊÌÇæÒ ÚÏÏ ÇáÃÔÎÇÕ ÇáãÓÊÖÇİíä ÅÌãÇáí ÃİÑÇÏ ÇáÃÓÑÉ,,,,,
integer,nb_minordisplaced_hosted,"If yes, how many hosted persons are under 18?",yes,,"selected(${hosting_displaced},'yes')",,(. <= ${calcul_nb_under18} and .<=${nb_displaced_hosted}) or .=99,number of under 18 hosted people can't exceed the number of total hosted people,"Çä ßÇä ÇáÌæÇÈ äÚã, ßã ÚÏÏ ÇáÇÔÎÇÕ ÇáãÓÊÖÇİæä ÊÍÊ Óä 18 ¿",áÇ íãßä Ãä íÊÌÇæÒ ÚÏÏ ÇáÃÔÎÇÕ ÇáĞíä ÊŞá ÃÚãÇÑåã Úä 18 ÚÇãğÇ ÚÏÏ ÇáÃÔÎÇÕ ÇáãÓÊÖÇİíä,,,Please put the number 99 if the interviewee did not want to answer,"Åä ßÇä ÇáãÓÊÌæÈ áÇ íÑíÏ ÇáÇÌÇÈÉ Úä åĞÇ ÇáÓÄÇá¡ ÖÚ ÇáÑŞã 99. ",
integer,nb_minor_unaccompanied,How many children in your household do not have any family relationship to any adult member of the household?,yes,,${nb_minordisplaced_hosted}>0,,.<=${nb_minordisplaced_hosted} or .=99,,ãÇ ÚÏÏ ÇáÃØİÇá İí ÃÓÑÊß ÇáĞíä áíÓ áÏíåã Ãí ÚáÇŞÉ ÚÇÆáíÉ ÈÃí İÑÏ ÈÇáÛ ãä ÃİÑÇÏ ÇáÃÓÑÉ¿,ÇáÚÏÏ ÇáĞí Êã ÇÏÎÇáå ÃßÈÑ ãä ÚÏÏ ÇáÃØİÇá Ïæä 18 ÓäÉ ÇáãÓÊÖÇİíä ,,,Please put the number 99 if the interviewee did not want to answer,"Åä ßÇä ÇáãÓÊÌæÈ áÇ íÑíÏ ÇáÇÌÇÈÉ Úä åĞÇ ÇáÓÄÇá¡ ÖÚ ÇáÑŞã 99. ",
end_group,,,,,,,,,,,,,,,
,,,,,,,,,,,,,,,
begin_group,food_security,Food Security,yes,,,,,,ÇáÃãä ÇáÛĞÇÆí,,,,,,
begin_group,food_consumption,"In the past 7 days, on how many days have the members of your household eaten the following food items? Integer from 0 to 7 for each sub-question",yes,,,field-list,,,"ÎáÇá ÇáÃíÇã ÇáÓÈÚÉ ÇáãÇÖíÉ¡ ßã ÚÏÏ ÇáÃíÇã ÇáÊí ÃÚÏ İíåÇ Ãæ ÊäÇæá ÃİÑÇÏ ÃÓÑÊß ÇáÃØÚãÉ ÇáÊÇáíÉ ¿",,,,,,
integer,cereals,"1. Cereals, grains, and tubers (including wheat bread, pasta, rice, couscous, potatoes, etc.)",yes,,,,(.>=0 and .<=7) or .=99,Value must be between 0 and 7, ÇáÍÈæÈ æÇáÏÑäÇÊ (ÈãÇ İí Ğáß ÎÈÒ ÇáŞãÍ æÇáãÚßÑæäÉ æÇáÃÑÒ æÇáßÓßÓí æÇáÈØÇØÓ æÛíÑåÇ),íÌÈ Ãä íßæä ÇáÚÏÏ Èíä 0 æ 7 ,,,Please put the number 99 if the interviewee did not want to answer,"Åä ßÇä ÇáãÓÊÌæÈ áÇ íÑíÏ ÇáÇÌÇÈÉ Úä åĞÇ ÇáÓÄÇá¡ ÖÚ ÇáÑŞã 99. ",
integer,legumes,"2. Legumes and nuts (including beans, chickpeas, peas, nuts, etc.)",yes,,,,(.>=0 and .<=7) or .=99,Value must be between 0 and 7,"ÇáÈŞæáíÇÊ æÇáãßÓÑÇÊ (ÈãÇ İí Ğáß Çáİæá æÇáÍãÕ æÇáÈÇÒáÇÁ æÇáãßÓÑÇÊ ¡ ÇáÎ)",íÌÈ Ãä íßæä ÇáÚÏÏ Èíä 0 æ 7 ,,,Please put the number 99 if the interviewee did not want to answer,"Åä ßÇä ÇáãÓÊÌæÈ áÇ íÑíÏ ÇáÇÌÇÈÉ Úä åĞÇ ÇáÓÄÇá¡ ÖÚ ÇáÑŞã 99. ",
integer,dairy,"3. Milk and dairy products (including milk, cheese, sour cream, yoghurt, etc.)",yes,,,,(.>=0 and .<=7) or .=99,Value must be between 0 and 7,"ÇáÍáíÈ æãäÊÌÇÊ ÇáÃáÈÇä (ÈãÇ İí Ğáß ÇáÍáíÈ æÇáÌÈä æÇáŞÔÏÉ ÇáÍÇãÖÉ æÇááÈä ¡ æãÇ Åáì Ğáß)",íÌÈ Ãä íßæä ÇáÚÏÏ Èíä 0 æ 7 ,,,Please put the number 99 if the interviewee did not want to answer,"Åä ßÇä ÇáãÓÊÌæÈ áÇ íÑíÏ ÇáÇÌÇÈÉ Úä åĞÇ ÇáÓÄÇá¡ ÖÚ ÇáÑŞã 99. ",
integer,meat,"4. Eggs, meat, fish (including beef, chicken, lamb, canned fish, fresh fish, etc.)",yes,,,,(.>=0 and .<=7) or .=99,Value must be between 0 and 7,"ÇáÈíÖ æÇááÍæã æÇáÃÓãÇß (ÈãÇ İí Ğáß áÍæã ÇáÈŞÑ æÇáÏÌÇÌ æáÍã ÇáÖÃä æÇáÃÓãÇß ÇáãÚáÈÉ æÇáÃÓãÇß ÇáØÇÒÌÉ ¡ æãÇ Åáì Ğáß)",íÌÈ Ãä íßæä ÇáÚÏÏ Èíä 0 æ 7 ,,,Please put the number 99 if the interviewee did not want to answer,"Åä ßÇä ÇáãÓÊÌæÈ áÇ íÑíÏ ÇáÇÌÇÈÉ Úä åĞÇ ÇáÓÄÇá¡ ÖÚ ÇáÑŞã 99. ",
integer,veggies,"5. Vegetables and leaves (including onions, lettuce, tomatoes, cucumbers, red peppers, spinach, etc.)",yes,,,,(.>=0 and .<=7) or .=99,Value must be between 0 and 7,"ÇáÎÖÑæÇÊ æÇáÎÖÑæÇÊ ÇáæÑŞíÉ (ÈãÇ İí Ğáß ÇáÈÕá æÇáÎÓ æÇáØãÇØã æÇáÎíÇÑ æÇáİáİá ÇáÃÍãÑ æÇáÓÈÇäÎ ¡ ÇáÎ)",íÌÈ Ãä íßæä ÇáÚÏÏ Èíä 0 æ 7 ,,,Please put the number 99 if the interviewee did not want to answer,"Åä ßÇä ÇáãÓÊÌæÈ áÇ íÑíÏ ÇáÇÌÇÈÉ Úä åĞÇ ÇáÓÄÇá¡ ÖÚ ÇáÑŞã 99. ",
integer,fruits,"6. Fruits (including bananas, apples, cherries, dates, lemons, apricots, pears, etc.)",yes,,,,(.>=0 and .<=7) or .=99,Value must be between 0 and 7," ÇáİæÇßå (ÈãÇ İí Ğáß ÇáãæÒ ¡ ÇáÊİÇÍ ¡ ÇáßÑÒ ¡ ÇáÊãæÑ ¡ Çááíãæä ¡ ÇáãÔãÔ ¡ ÇáßãËÑì ¡ ÇáÎ.)",íÌÈ Ãä íßæä ÇáÚÏÏ Èíä 0 æ 7 ,,,Please put the number 99 if the interviewee did not want to answer,"Åä ßÇä ÇáãÓÊÌæÈ áÇ íÑíÏ ÇáÇÌÇÈÉ Úä åĞÇ ÇáÓÄÇá¡ ÖÚ ÇáÑŞã 99. ",
integer,fats,"7. Oil and fat (including vegetable oil, butter, margarine, lard, etc.)",yes,,,,(.>=0 and .<=7) or .=99,Value must be between 0 and 7,ÇáÒíæÊ æÇáÏåæä (ÈãÇ İí Ğáß ÇáÒíÊ ÇáäÈÇÊí æÇáÒÈÏÉ æÇáÓãä ÇáäÈÇÊí æÛíÑåÇ),íÌÈ Ãä íßæä ÇáÚÏÏ Èíä 0 æ 7 ,,,Please put the number 99 if the interviewee did not want to answer,"Åä ßÇä ÇáãÓÊÌæÈ áÇ íÑíÏ ÇáÇÌÇÈÉ Úä åĞÇ ÇáÓÄÇá¡ ÖÚ ÇáÑŞã 99. ",
integer,sugar,"8. Sugar and sweets (including sugar, honey, jam, cakes, cookies, sweets, sugary drinks, etc.)",yes,,,,(.>=0 and .<=7) or .=99,Value must be between 0 and 7,ÇáÓßÑ æÇáÍáæíÇÊ (ÈãÇ İí Ğáß ÇáÓßÑ æÇáÚÓá æÇáãÑÈì æÇáßÚß æÇáÈÓßæíÊ æÇáÍáæíÇÊ æÇáãÔÑæÈÇÊ ÇáÓßÑíÉ æÛíÑåÇ),íÌÈ Ãä íßæä ÇáÚÏÏ Èíä 0 æ 7 ,,,Please put the number 99 if the interviewee did not want to answer,"Åä ßÇä ÇáãÓÊÌæÈ áÇ íÑíÏ ÇáÇÌÇÈÉ Úä åĞÇ ÇáÓÄÇá¡ ÖÚ ÇáÑŞã 99. ",
integer,condiments,"9. Condiments and spices (including garlic, tomato paste, and small quantities of items from other food groups)",yes,,,,(.>=0 and .<=7) or .=99,Value must be between 0 and 7,ÇáÈåÇÑÇÊ æÇáÊæÇÈá (ÈãÇ İí Ğáß ÇáËæã æãÚÌæä ÇáØãÇØã æßãíÇÊ ÕÛíÑÉ ãä ÇáãæÇÏ ãä ÇáãÌãæÚÇÊ ÇáÛĞÇÆíÉ ÇáÃÎÑì),íÌÈ Ãä íßæä ÇáÚÏÏ Èíä 0 æ 7 ,,,Please put the number 99 if the interviewee did not want to answer,"Åä ßÇä ÇáãÓÊÌæÈ áÇ íÑíÏ ÇáÇÌÇÈÉ Úä åĞÇ ÇáÓÄÇá¡ ÖÚ ÇáÑŞã 99. ",
end_group,,,,,,,,,,,,,,,
select_multiple food_source,food_source,What are the top three sources from which your household typically acquires food?,yes,,,,"not(selected(., 'dk')) and not(selected(., 'dwta')) and count-selected(.)<=3 or count-selected(.) = 1",Choose 3 options maximum,ãÇåí Çåã ËáÇËÉ ãÕÇÏÑ ÊÍÕá İíåÇ  ÃÓÑÊß Úáì ÇáÛĞÇÁ¿,ÇÎÊÑ 3 ÎíÇÑÇÊ ßÍÏ ÃŞÕì,,,,(ÍÏÏ ÃİÖá ËáÇËÉ),
text,food_source_other,Other:,yes,,"selected(${food_source},'other')",,,,ÇÎÑ:,,,,,,
begin_group,food_coping,"In the past 7 days, if there have been times when you did not have enough food or money to buy food, on how many days has your household had to: (Integer from 0 to 7 for each sub-question)",yes,,,field-list,,,"ÎáÇá ÇáÃíÇã ÇáÓÈÚÉ ÇáãÇÖíÉ¡ ßã ãÑÉ ÃÌÈÑ ÃÍÏ ÃİÑÇÏ ÇáÃÓÑÉ Úáì ÇáŞíÇã ÈÃí ããÇ íáí áÊæİíÑ ÇáØÚÇã ÇááÇÒã áÃİÑÇÏ ÇáÃÓÑÉ¿",,,,,,
integer,less_expensive_quality,"1. Rely on less preferred, less expensive food?",yes,,,,(.>=0 and .<=7) or .=99,Value must be between 0 and 7,"ÔÑÇÁ ÃÛĞíÉ ÃŞá ÊßáİÉ æÃŞá ÌæÏÉ
",íÌÈ Ãä íßæä ÇáÚÏÏ Èíä 0 æ 7 ,,,Please put the number 99 if the interviewee did not want to answer,"Åä ßÇä ÇáãÓÊÌæÈ áÇ íÑíÏ ÇáÇÌÇÈÉ Úä åĞÇ ÇáÓÄÇá¡ ÖÚ ÇáÑŞã 99. ",
integer,borrow_relatives,2. Borrow food or rely on help from friends or relatives?,yes,,,,(.>=0 and .<=7) or .=99,Value must be between 0 and 7,ÇÓÊÚÇÑÉ ÇáØÚÇã ãä ÇáÃÕÏŞÇÁ Ãæ ÇáÃŞÇÑÈ,íÌÈ Ãä íßæä ÇáÚÏÏ Èíä 0 æ 7 ,,,Please put the number 99 if the interviewee did not want to answer,"Åä ßÇä ÇáãÓÊÌæÈ áÇ íÑíÏ ÇáÇÌÇÈÉ Úä åĞÇ ÇáÓÄÇá¡ ÖÚ ÇáÑŞã 99. ",
integer,reduce_number_meals,3. Reduce the number of meals eaten per day?,yes,,,,(.>=0 and .<=7) or .=99,Value must be between 0 and 7,ÊŞáíá ÚÏÏ ÇáæÌÈÇÊ Şí Çáíæã,íÌÈ Ãä íßæä ÇáÚÏÏ Èíä 0 æ 7 ,,,Please put the number 99 if the interviewee did not want to answer,"Åä ßÇä ÇáãÓÊÌæÈ áÇ íÑíÏ ÇáÇÌÇÈÉ Úä åĞÇ ÇáÓÄÇá¡ ÖÚ ÇáÑŞã 99. ",
integer,shrink_meals,4. Reduce the size of portions or meals?,yes,,,,(.>=0 and .<=7) or .=99,Value must be between 0 and 7,ÊŞáíÕ ÍÌã ÇáæÌÈÇÊ,íÌÈ Ãä íßæä ÇáÚÏÏ Èíä 0 æ 7 ,,,Please put the number 99 if the interviewee did not want to answer,"Åä ßÇä ÇáãÓÊÌæÈ áÇ íÑíÏ ÇáÇÌÇÈÉ Úä åĞÇ ÇáÓÄÇá¡ ÖÚ ÇáÑŞã 99. ",
integer,reduce_adult,5. Reduce the quantity consumed by adults so children could eat?,yes,,,,(.>=0 and .<=7) or .=99,Value must be between 0 and 7,ÊŞáíá ÍÕÉ ÇáÈÇáÛíä ãä ÇáÛĞÇÁ ááÓãÇÍ ááÃØİÇá áÊäÇæá ÇáØÚÇã ,íÌÈ Ãä íßæä ÇáÚÏÏ Èíä 0 æ 7 ,,,Please put the number 99 if the interviewee did not want to answer,"Åä ßÇä ÇáãÓÊÌæÈ áÇ íÑíÏ ÇáÇÌÇÈÉ Úä åĞÇ ÇáÓÄÇá¡ ÖÚ ÇáÑŞã 99. ",
end_group,,,,,,,,,,,,,,,
select_multiple agricultural_production,agricultural_production,"Is your household currently engaged in any form of agricultural production (for example, crop farming, gardening, raising livestock, fishing, etc.)?",yes,,,,"if(selected(${food_source},'own_production'),not(selected(.,'no')),not(selected(.,'no')) or count-selected(.)=1)","the option ""No"" can't be selected with other options and can't be selected when the food source os ""own production""","åá ÊÚãá ÃÓÑÊß ÍÇáíÇ İí Ãí Ôßá ãä ÃÔßÇá ÇáÅäÊÇÌ ÇáÒÑÇÚí (Úáì ÓÈíá ÇáãËÇá ¡ ÒÑÇÚÉ ÇáãÍÇÕíá ¡ ÇáÈÓÊäÉ ¡ ÊÑÈíÉ ÇáãÇÔíÉ ¡ ÇáÕíÏ ¡ ÅáÎ)¿","áÇ íãßä ÊÍÏíÏ ÇáÎíÇÑ ""áÇ"" ÈÎíÇÑÇÊ ÃÎÑì æáÇ ãÚ ÅäÊÇÌ ÎÇÕ ßãÕÏÑ ÛĞÇÁ",,,,ãÊÚÏÏ ÇáÎíÇÑÇÊ ,
text,agricultural_production_other,"If other, Please specify",yes,,"selected(${agricultural_production}, 'other')",,,,ÛíÑ Ğáß: ____,,,,,,
select_multiple usage_prod_food,usage_prod_food,"If answer is not ""No"": Do you do this for income generation or for your household's own consumption?",yes,,"not(selected(${agricultural_production},'no'))",,"if(selected(${food_source},'own_production'),selected(.,'hh_own_prod'),count-selected(.)>0)","When one of food sources is ""own production"" the option ""household own consumption"" must be selected","ÅĞÇ ßÇä ÇáÌæÇÈ ãÎÊáİÇ Úä ""áÇ"": åá ÊŞæã ÈĞáß ãä ÃÌá ÊæİíÑ ãÕÏÑ  ÏÎá Ãã áÇÓÊåáÇß ÃÓÑÊß¿","ÚäÏãÇ íßæä ãÕÏÑ ãä ãÕÇÏÑ ÇáÛĞÇÁ ÅäÊÇÌ ÎÇÕ¡ ÇáÎíÇÑ ""áÇÓÊåáÇß ÇÓÑÊí"" ÖÑæÑí  ",,,,ãÊÚÏÏ ÇáÎíÇÑÇÊ ,
select_one yes_no_dk_dwta,access_land_sea,"If ""No"": Does your household currently have access to land or to the sea to engage in such activities?",yes,,"selected(${agricultural_production},'no')",quick,,,"ÅĞÇ ßÇäÊ ÇáÅÌÇÈÉ ""áÇ"": åá Êãáß ÃÓÑÊß ÍÇáíğÇ ÅãßÇäíÉ ÇáæÕæá Åáì ÇáÃÑÖ Ãæ ÇáÈÍÑ ááãÔÇÑßÉ İí ãËá åĞå ÇáÃäÔØÉ¿",,,,,,
select_one yes_no_dk_dwta,engage_agriculture_prior2014,"If ""No"": Did your household engage in such activities prior to 2014 but had to give them up?",yes,,"selected(${agricultural_production},'no')",quick,,,"ÅĞÇ ßÇäÊ ÇáÅÌÇÈÉ ""áÇ"": åá ÔÇÑßÊ ÃÓÑÊß İí ãËá åĞå ÇáÃäÔØÉ ŞÈá ÚÇã 2014 æáßä ßÇä ÚáíåÇ ÇáÊÎáí ÚäåÇ¿",,,,,,
select_multiple crops_grown,crops_grown,"If ""Yes, in crop farming or gardening"":
What are the main crops your household currently grows?",yes,,"selected(${agricultural_production},'yes_crop_farming_gardening')",,,,"ÅĞÇ ßÇäÊ ÇáÅÌÇÈÉ ""äÚã ¡ İí ÒÑÇÚÉ ÇáãÍÇÕíá Ãæ ÇáÈÓÊäÉ"":
ãÇ åí ÇáãÍÇÕíá ÇáÑÆíÓíÉ ÇáÊí ÊäãæåÇ ÃÓÑÊß ÍÇáíÇ¿",,,,,ãÊÚÏÏ ÇáÎíÇÑÇÊ ,
text,crops_grown_other,"If other, Please specify",yes,,"selected(${crops_grown},'other')",,,,ÛíÑ Ğáß: ____,,,,,,
select_one nb_hectares_cultivated,nb_hectares_cultivated,"If ""Yes, in crop farming or gardening"":
How much land does your household cultivate in hectares?",yes,,"selected(${agricultural_production},'yes_crop_farming_gardening')",quick,,,"ÅĞÇ ßÇäÊ ÇáÅÌÇÈÉ ""äÚã ¡ İí ÒÑÇÚÉ ÇáãÍÇÕíá Ãæ ÇáÈÓÊäÉ"":
ãÇ ãÓÇÍÉ ÇáÃÑÖ ÇáÊí ÊÒÑÚåÇ ÃÓÑÊß ÈÇáåßÊÇÑÇÊ¿",,,,,,
integer,nb_others_employed,"If ""Yes, in crop farming or gardening"":
How many individuals, if any, did your household employ to support production in the last 12 months, including seasonal workers?",yes,,"selected(${agricultural_production},'yes_crop_farming_gardening')",,. >=0,,"ÅĞÇ ßÇäÊ ÇáÅÌÇÈÉ ""äÚã ¡ İí ÒÑÇÚÉ ÇáãÍÇÕíá Ãæ ÇáÈÓÊäÉ"":
ßã ÚÏÏ ÇáÃİÑÇÏ ¡ Åä æÌÏ ¡ ÇáĞí ÇÓÊÎÏãÊåã ÃÓÑÊß áÏÚã ÇáÅäÊÇÌ İí ÇáÃÔåÑ ÇáÜ 12 ÇáãÇÖíÉ ¡ ÈãÇ İí Ğáß ÇáÚãÇá ÇáãæÓãííä¿",,,,"If none, enter 0",,
select_multiple crop_crisis,crop_crisis,"If ""Yes, in crop farming or gardening"":
How has the current crisis affected your crop production, if at all?",yes,,"selected(${agricultural_production},'yes_crop_farming_gardening')",,"not(selected(., 'crop_not_affected')) or count-selected(.) = 1","the option ""Production has not been negatively affected"" can't be selected with other options","ÅĞÇ ßÇäÊ ÇáÅÌÇÈÉ ""äÚã ¡ İí ÒÑÇÚÉ ÇáãÍÇÕíá Ãæ ÇáÈÓÊäÉ"":
ßíİ ÃËÑÊ ÇáÃÒãÉ ÇáÍÇáíÉ Úáì ÅäÊÇÌ ÇáãÍÇÕíá ¡ Çä ÇËÑÊ¿","áÇ íãßä ÊÍÏíÏ ÎíÇÑ ""ÇáÅäÊÇÌ áã íÊÃËÑ ÓáÈğÇ"" ãÚ ÎíÇÑÇÊ ÃÎÑì",,,,ãÊÚÏÏ ÇáÎíÇÑÇÊ ,
text,crop_crisis_other,"If other, Please specify",yes,,"selected(${crop_crisis}, 'other')",,,,ÍÏÏ Åä ßäÊ ÇÎÊÑÊ ÛíÑ Ğáß,,,,,,
begin_group,nb_animals,"If ""Yes, in raising livestock"":
How many of each type of animal does your household currently own?",yes,,"selected(${agricultural_production},'yes_raising_livestock')",field-list,,,"ÅĞÇ ""äÚã ¡ İí ÊÑÈíÉ ÇáãÇÔíÉ"": ßã ÚÏÏ ÃäæÇÚ ÇáÍíæÇäÇÊ ÇáÊí ÊãÊáßåÇ ÚÇÆáÊß ÍÇáíğÇ¿",,,,,,
integer,cows,1. Cows,yes,,,,. >=0,,1. ÇáÃÈŞÇÑ,,,,"If none, enter 0",ÅĞÇ áÇ ÔíÁ ÃÏÎá 0,
integer,donkeys_horses,2. Donkeys and horses,yes,,,,. >=0,,2. ÇáÍãíÑ æÇáÎíæá,,,,"If none, enter 0",ÅĞÇ áÇ ÔíÁ ÃÏÎá 0,
integer,sheep,3. Sheep,yes,,,,. >=0,,3. ÇáÃÛäÇã,,,,"If none, enter 0",ÅĞÇ áÇ ÔíÁ ÃÏÎá 0,
integer,goats,4. Goats,yes,,,,. >=0,,4. ÇáãÇÚÒ,,,,"If none, enter 0",ÅĞÇ áÇ ÔíÁ ÃÏÎá 0,
integer,poultry,5. Poultry,yes,,,,. >=0,,5. ÇáÏæÇÌä,,,,"If none, enter 0",ÅĞÇ áÇ ÔíÁ ÃÏÎá 0,
integer,camels,6. Camels,yes,,,,. >=0,,6. ÇáÌãÇá,,,,"If none, enter 0",ÅĞÇ áÇ ÔíÁ ÃÏÎá 0,
integer,other_animals,7. Other (please specify),yes,,,,. >=0,,7. ÛíÑ Ğáß (íÑÌì ÇáÊÍÏíÏ),,,,"If none, enter 0",ÅĞÇ áÇ ÔíÁ ÃÏÎá 0,
end_group,,,,,,,,,,,,,,,
text,nb_animals_other,"If other, Please specify",yes,,${other_animals} >0,,,,ÍÏÏ Åä ßäÊ ÇÎÊÑÊ ÛíÑ Ğáß,,,,,,
select_multiple livestock_crisis,livestock_crisis,"If ""Yes, in raising livestock"":
How has the current crisis affected your livestock activities, if at all?",yes,,"selected(${agricultural_production},'yes_raising_livestock')",,"not(selected(., 'livestock_not_affected')) or count-selected(.) = 1","the option ""Production has not been negatively affected"" can't be selected with other options","ÅĞÇ ""äÚã ¡ İí ÊÑÈíÉ ÇáãÇÔíÉ"":
ßíİ ÃËÑÊ ÇáÃÒãÉ ÇáÍÇáíÉ Úáì ÃäÔØÉ ÇáËÑæÉ ÇáÍíæÇäíÉ ¡ Çä ÇËÑÊ¿","áÇ íãßä ÊÍÏíÏ ÎíÇÑ ""ÇáÅäÊÇÌ áã íÊÃËÑ ÓáÈğÇ"" ãÚ ÎíÇÑÇÊ ÃÎÑì",,,,ãÊÚÏÏ ÇáÎíÇÑÇÊ ,
text,livestock_crisis_other,"If other, Please specify",yes,,"selected(${livestock_crisis}, 'other')",,,,ÍÏÏ Åä ßäÊ ÇÎÊÑÊ ÛíÑ Ğáß,,,,,,
select_one source_fish,source_fish,"If ""Yes, in fishing or fisheries"":
What is the main source of your production or catch?",yes,,"selected(${agricultural_production},'yes_fishing_fisheries')",quick,,,"ÅĞÇ ""äÚã ¡ İí ÇáÕíÏ 
ãÇ åæ ÇáãÕÏÑ ÇáÑÆíÓí ááÅäÊÇÌ Ãæ ÇáÕíÏ¿",,,,,,
text,source_fish_other,"If other, Please specify",yes,,"selected(${source_fish}, 'other')",,,,ÍÏÏ Åä ßäÊ ÇÎÊÑÊ ÛíÑ Ğáß,,,,,,
select_multiple fish_crisis,fish_crisis,"If ""Yes, in fishing or fisheries"":
How has the current crisis affected your fishing or fishery activities, if at all?",yes,,"selected(${agricultural_production},'yes_fishing_fisheries')",,"not(selected(., 'fisheries_not_affected')) or count-selected(.) = 1","the option ""Activities have not been negatively affected"" can't be selected with other options","ÅĞÇ ""äÚã ¡ İí ÇáÕíÏ Ãæ ÇáËÑæÉ ÇáÓãßíÉ ""
ßíİ ÃËÑÊ ÇáÃÒãÉ ÇáÍÇáíÉ Úáì ÇäÔØÉ ÇáÕíÏ  ÇáÎÇÕÉ Èß¡ Çä ÇËÑÊ¿","áÇ íãßä ÊÍÏíÏ ÎíÇÑ ""ÇáÃäÔØÉ ÇáÊí áã ÊÊÃËÑ ÓáÈğÇ"" ãÚ ÎíÇÑÇÊ ÃÎÑì",,,,ãÊÚÏÏ ÇáÎíÇÑÇÊ ,
text,fish_crisis_other,"If other, Please specify",yes,,"selected(${fish_crisis}, 'other')",,,,ÍÏÏ Åä ßäÊ ÇÎÊÑÊ ÛíÑ Ğáß,,,,,,
end_group,,,,,,,,,,,,,,,
,,,,,,,,,,,,,,,
begin_group,shelter,Shelter and NFI,yes,,,,,,ÇáãÃæì,,,,,,
select_multiple access_mobile_network,access_mobile_network,Which mobile networks does your household currently have access to?,yes,,,,"not(selected(., 'dk')) and not(selected(., 'dwta')) and not(selected(., 'no_access_mobile_network')) or count-selected(.) = 1",some options can't be selected with other options,ãÇ ÔÈßÇÊ ÇáãÍãæá ÇáÊí íãßä áÃÓÑÊß ÇáæÕæá ÅáíåÇ ÍÇáíğÇ¿,ÈÚÖ ÇáÎíÇÑÇÊ áÇ íãßä ÇÎÊíÇÑåÇ ãÚ ÎíÇÑÇÊ ÃÎÑì,,,Please only select networks that the household is currently able to access through a functioning SIM card or mobile device,íÑÌì ÊÍÏíÏ ÇáÔÈßÇÊ ÇáÊí íÓÊØíÚ ÃİÑÇÏ ÇáÃÓÑÉ ÇáæÕæá ÅáíåÇ ÍÇáíğÇ ãä ÎáÇá ÈØÇŞÉ SIM Ãæ ÌåÇÒ ÌæøÇá íÚãá,
text,access_mobile_network_other,"if other, please specify",yes,,"selected(${access_mobile_network},'other')",,,,ÍÏÏ Åä ßäÊ ÇÎÊÑÊ ÛíÑ Ğáß,,,,,,
select_one dwelling_type,dwelling_type,What type of shelter do you live in?,yes,,,quick,,,ãÇ åæ äæÚ ÇáãÓßä ÇáĞí ÊÚíÔ İíå¿,,,,,,
select_one occupancy_type,occupancy_type,How would you describe your household's occupancy status?,yes,,,quick,"if(selected(${dwelling_type},'public_space') or selected(${dwelling_type},'camp'), .!='rented_written_contract' and .!='rented_verbal_agreement' and .!='owned', count-selected(.)=1)","If public space or camp is selected above, the options ownership and renting cannot be selected ",ãÇ åí ØÈíÚÉ ÇáÅŞÇãÉ¿,ÅĞÇ ßÇä ÇáãÓßä åæ ãÎíã Ãæ İÖÇÁ ÚÇã İáÇ íãßä ÇÓÊãáÇßå Ãæ ÊÃÌíÑå.,,,,,
text,occupancy_type_other,Other:,,,"selected(${occupancy_type},'other')",,,,ÛíÑåÇ,,,,,,
begin_group,dwelling_roster,How many rooms in your household's shelter are:,yes,,,,,,ßã ÚÏÏ ÇáÛÑİ İí ãÃæì ÇáÃÓÑÉ İÇáÍÇáÇÊ ÇáÊÇáíÉ ,,,,,,
integer,damaged_room,1. Damaged?,yes,,,,. >=0,,ãÊÖÑÑÉ ,,,,,,
integer,undamaged_room,2. Undamaged?,yes,,,,. >=0,,ÛíÑ ãÊÖÑÑÉ ,,,,,,
integer,open_elements_room,"3. Open to the elements (e.g. broken or missing windows, holes in walls, etc.)?",yes,,,,. >=0,,"äæÇİĞ ãßÓæÑÉ Ãæ ãİŞæÏÉ ¡ ËŞæÈ İí ÇáÌÏÑÇä",,,,,,
end_group,,,,,,,,,,,,,,,
select_one damage_type,shelter_condition,Question for enumerator: How would you describe the overall condition of this household's shelter? Please refer to the reference pictures below.,yes,,,quick,,,"ÓÄÇá áÌÇãÚ ÇáÈíÇäÇÊ: ßíİ ÊÕİ ÇáÍÇáÉ ÇáÚÇãÉ áãÃæì åĞå ÇáÃÓÑÉ¿ íÑÌì ÇáÑÌæÚ Åáì ÇáÕæÑ ÇáãÑÌÚíÉ ÃÏäÇå. (ÇíÖÇÍ. ÇáãäÇÒá ÇáÊí ÊÖÑÑÊ İí ÇáãÇÖí æáßä Êã ÅÕáÇÍåÇ ÈÇáßÇãá íÌÈ Çä ÊÓÌá Úáì ÃäåÇ ""áÇ ÖÑÑ / ÖÑÑ áÇ íĞßÑ"".)",,,,"Shelters that were damaged in the past but have been fully repaired should be coded as ""No damage / negligible damage","íÌÈ ÇÚÊÈÇÑ ÇáãáÇÌÆ ÇáÊí ÊÖÑÑÊ İí ÇáãÇÖí æáßä Êã ÅÕáÇÍåÇ ÈÇáßÇãá ""áÇ ÖÑÑ / ÖÑÑ áÇ íĞßÑ",
select_one threat_eviction,threat_eviction,Has your household experienced eviction or the threat of eviction within the past 6 months?,yes,,,quick,,,åá ÊÚÑÖÊ (İí 6 ÃÔåÑÇáãÇÖíÉ) ááÅÎáÇÁ Ãæ ÇáÊåÏíÏ ÈÇáÅÎáÇÁ ŞÓÑÇ¿,,,,,,
select_multiple reason_eviction,eviction_reason,If yes: Why do you think your household was evicted / is being threatened with eviction?,yes,,"not(selected(${occupancy_type},'owned') or selected(${occupancy_type},'dk') or selected(${occupancy_type},'dwta')) and (selected(${threat_eviction},'yes_threat_eviction') or selected(${threat_eviction},'recently_evicted'))",,"not(selected(., 'dk')) and not(selected(., 'dwta')) and count-selected(.) <= 3 or count-selected(.) = 1",some options can't be selected with other options,"ÅĞÇ ßÇä ÇáÌæÇÈ äÚã, áãÇĞÇ ÊÚÊŞÏ Ãäß ãåÏÏ ÈÇáÅÎáÇÁ / Êã ÅÎáÇÄß ãÄÎÑÇ¿",ÈÚÖ ÇáÎíÇÑÇÊ áÇ íãßä ÇÎÊíÇÑåÇ ãÚ ÎíÇÑÇÊ ÃÎÑì,,,,ãÊÚÏÏ ÇáÎíÇÑÇÊ ,
text,eviction_reason_other,Other:,yes,,"selected(${eviction_reason},'other')",,,,ãÓÇÆá ÃÎÑì,,,,,,
select_one elec_source,first_electricity_source,What is the most common source of electricity used by your household? ,yes,,,quick,,,ãÇ åæ ÇáãÕÏÑ ÇáÃßËÑ ÔíæÚÇ ááßåÑÈÇÁ ÇáÊí ÊÓÊÎÏãåÇ ÃÓÑÊß¿,,,,,,
text,first_electricity_source_other,Other:,yes,,"selected(${first_electricity_source},'other')",,,,ÃÎÑì (ÍÏÏ),,,,,,
select_one elec_source,second_electricity_source,What is the second most common source of electricity used by your household? ,yes,,"not(selected(${first_electricity_source},'dk'))  or not(selected(${first_electricity_source},'dwta')) or not(selected(${first_electricity_source},'no_electricity'))",quick,. != ${first_electricity_source},Answer must be different than the first common source of electricity,ãÇ åæ ÇáãÕÏÑ ÇáËÇäí ÇáÃßËÑ ÔíæÚÇ ááßåÑÈÇÁ ÇáÊí ÊÓÊÎÏãåÇ ÃÓÑÊß¿,íÌÈ Ãä Êßæä ÇáÅÌÇÈÉ ãÎÊáİÉ Úä ÇáãÕÏÑ ÇáÃæá ááßåÑÈÇÁ,,,,,
text,second_electricity_source_other,Other:,yes,,"selected(${second_electricity_source},'other')",,,,ÃÎÑì (ÍÏÏ),,,,,,
integer,elec_cuts,"Over the past 7 days, for how many hours per day, on average, has your household experienced power outages from the main network?",yes,,,,. >=0 and . <=24,value between 0 and 24 hours,"ÎáÇá ÇáÃíÇã ÇáÓÈÚÉ ÇáãÇÖíÉ ¡ ãÇåæ ãÚÏá ÚÏÏ ÇáÓÇÚÇÊ ÇáíæãíÉ  ÇáÊí ÊÚÇäí İíåÇ ÃÓÑÊß ãä ÇäŞØÇÚ ÇáÊíÇÑ ÇáßåÑÈÇÆí ãä ÇáÔÈßÉ ÇáÑÆíÓíÉ¿",Èíä ÕİÑ æ 24 ÓÇÚÉ,,,Please include hours when the household has needed to run a generator due to a lack of electricity. ,íÑÌì ÅÏÑÇÌ ÓÇÚÇÊ ÚäÏãÇ Êßæä ÇáÃÓÑÉ ÈÍÇÌÉ Åáì ÊÔÛíá ãæáÏ ÈÓÈÈ äŞÕ ÇáßåÑÈÇÁ,
begin_group,access_fuel,"For each of the following types of fuel, is your household able to access sufficient fuel to meet its energy needs?",yes,,,,,,"áßá äæÚ ãä ÃäæÇÚ ÇáæŞæÏ ÇáÊÇáíÉ ¡ åá ÊÓÊØíÚ ÃÓÑÊß ÇáæÕæá Åáì ÇáæŞæÏ ÇáßÇİí áÊáÈíÉ ÇÍÊíÇÌÇÊåÇ ãä ÇáØÇŞÉ¿ ",,,,,,
select_one access_fuel,cooking_fuel,1. Cooking fuel,yes,,,quick,,, ÇáÛÇÒ ááØÈÎ,,,,,,
select_one access_fuel,vehicle_fuel,2. Vehicle fuel,yes,,,quick,,,æŞæÏ ÇáÓíÇÑÉ,,,,,,
select_one access_fuel,generator_fuel,3. Generator fuel,yes,,,quick,,,æŞæÏ ÇáãæáÏÇÊ,,,,,,
select_one access_fuel,heating_fuel,4. Heating fuel,yes,,,quick,,,æŞæÏ ÇáÊÏİÆÉ,,,,,,
end_group,,,,,,,,,,,,,,,
select_multiple access_heating,access_heating,Does your household have access to a functional heating system in your own shelter during the winter?,yes,,,,"not(selected(.,'no'))  and count-selected(.) <= 3 or count-selected(.) = 1",some options can't be selected with other options,åá ÊÓÊØíÚ ÃÓÑÊß ÇáæÕæá Åáì äæÚ ãä ÇäæÇÚ ÇáÊÏİÆÉ İí ÇáãÃæì ÇáÎÇÕ Èßã ÎáÇá İÕá ÇáÔÊÇÁ¿,ÈÚÖ ÇáÎíÇÑÇÊ áÇ íãßä ÇÎÊíÇÑåÇ ãÚ ÎíÇÑÇÊ ÃÎÑì,,,,ãÊÚÏÏ ÇáÎíÇÑÇÊ ,
end_group,,,,,,,,,,,,,,,
,,,,,,,,,,,,,,,
begin_group,education,Education,yes,,,,,,ÇáÊÚáíã  ,,,,,,
begin_group,children_education,school enrollement ,yes,,${nb_children_male}>0 or ${nb_children_female}>0 or ${nb_youth_male}>0 or ${nb_youth_female}>0,,,,,,,,,,
integer,nb_children_enrolled,How many school aged children (6-17) in your HH are enrolled in school? ,yes,0,,,.<=${calcul_nb_under18} and .>=0,The number specified here can't be higher than the number of persons under 18 in the household,ßã ÚÏÏ ÇáÃØİÇá İí Óä ÇáÏÑÇÓÉ  (ãä ÓÊÉ Åáì ÓÈÚ ÚÔ ÚÇãÇ ) İí Óßäß ãÓÌáæä İí ÇáãÏÑÓÉ¿,áÇ íãßä Ãä íßæä ÇáÚÏÏ ÇáãÍÏÏ åäÇ ÃÚáì ãä ÚÏÏ ÇáÃÔÎÇÕ Ïæä Óä 18 ÚÇãÇ İí ÇáÃÓÑÉ ,,,School-aged children = ages 6-17,Óä ÇáÏÑÇÓÉ: ãä ÓÊÉ Åáì ÓÈÚ ÚÔÑ ÚÇãÇ ,
integer,male_enroll,males,yes,0,,,(. <= ${nb_children_enrolled} and . <= (${nb_children_male} + ${nb_youth_male})),The number specified here can't be higher than the number of persons enrolled in the school,ÇáĞßæÑ,ÇáÑŞã ÇáãÍÏÏ åäÇ áÇ íãßä Ãä íßæä ÃÚáì ãä ÚÏÏ ÇáÃÔÎÇÕ ÇáãÓÌáíä İí ÇáãÏÑÓÉ,,,,,
integer,female_enroll,females,yes,0,,,. <= ${nb_children_enrolled} and . <= (${nb_children_female} + ${nb_youth_female}),The number specified here can't be higher than the number of persons enrolled in the school,ÇáÅäÇË,ÇáÑŞã ÇáãÍÏÏ åäÇ áÇ íãßä Ãä íßæä ÃÚáì ãä ÚÏÏ ÇáÃÔÎÇÕ ÇáãÓÌáíä İí ÇáãÏÑÓÉ,,,,,
integer,nb_children_attending,How many of them have regularly attended school during the 2017-2018 academic year? ,yes,0,,,.<=${nb_children_enrolled},The number specified here can't be higher than the number of persons under 18 in the household,ßã ãäåã æÇÖÈ Úáì ÇáĞåÇÈ Çáì ÇáãÏÑÓÉ ÈÇäÊÙÇã ÎáÇá ÇáÚÇã ÇáÏÑÇÓí 2017 - 2018¿,áÇ íãßä Ãä íßæä ÇáÚÏÏ ÇáãÍÏÏ åäÇ ÃÚáì ãä ÚÏÏ ÇáÃÔÎÇÕ Ïæä Óä 18 ÚÇãÇ İí ÇáÃÓÑÉ ,,,"""regularly"" attending school: children who did not miss  more than 25% of school days",ÊÚÑíİ ÇáĞåÇÈ ÇáãäÊÙã ááãÏÑÓÉ: ÇáÃØİÇá ÇáĞíä áã íİæÊæÇ ÃßËÑ ãä 25? ãä ÃíÇã ÇáÏÑÇÓÉ,
integer,male_attend,males,yes,0,,,.<=${male_enroll},The number specified here can't be higher than the number of male enrolled in the school,ÇáĞßæÑ,ÇáÑŞã ÇáãÍÏÏ åäÇ áÇ íãßä Ãä íßæä ÃÚáì ãä ÚÏÏ ÇáĞßæÑ ÇáãÓÌáíä İí ÇáãÏÑÓÉ,,,,,
integer,female_attend,females,yes,0,,,.<=${female_enroll},The number specified here can't be higher than the number of female enrolled in the school,ÇáÅäÇË,ÇáÑŞã ÇáãÍÏÏ åäÇ áÇ íãßä Ãä íßæä ÃÚáì ãä ÚÏÏ ÇáÅäÇË ÇáãÓÌáÇÊ İí ÇáãÏÑÓÉ,,,,,
end_group,,,,,,,,,,,,,,,
calculate,calc_nb_children_enrolled,,yes,,,,,,,,,${male_enroll}+${female_enroll},,,
note,nb_children_enrolled_err,The sum of male and female children enrolled are different than the number entered above,yes,,${calc_nb_children_enrolled} != ${nb_children_enrolled},,,,ãÌãæÚ  ÇáĞßæÑ æÇáÅäÇË ÇáãÓÌáæä İí ÇáãÏÑÓÉ ãÎÊáİæä Úä ÇáÚÏÏ ÇáĞí Êã ÅÏÎÇáå ÃÚáÇå,,,,,,
calculate,calc_nb_children_attending,,yes,,,,,,,,,${male_attend}+${female_attend},,,
note,nb_children_attending_err,The sum of male and female children attending school are different than the number entered above,yes,,${calc_nb_children_attending} != ${nb_children_attending},,,,íÎÊáİ ÚÏÏ  ÇáĞßæÑ æÇáÅäÇË ÇáãáÊÍŞíä ÈÇáãÏÑÓÉ Úä ÇáÚÏÏ ÇáĞí Êã ÅÏÎÇáå ÃÚáÇå,,,,,,
select_multiple reasons_noaccess_dropped_school,reasons_noaccess_dropped_school,What are the most cited reasons for not regularly attending and/or dropping out of education services?  ,yes,,((${nb_children_male}+${nb_youth_male}+${nb_children_female}+${nb_youth_female}) - ${nb_children_attending}) >0,,"not(selected(.,'dk')) and not(selected(.,'dwta')) or count-selected(.) = 1",some options can't be selected with other options,ãÇ åí ÇáÃÓÈÇÈ ÇáÃßËÑ ÔíæÚğÇ áÚÏã ÍÖæÑ æ / Ãæ ÊÑß ÇáãÏÑÓÉ¿,ÈÚÖ ÇáÎíÇÑÇÊ áÇ íãßä ÇÎÊíÇÑåÇ ãÚ ÎíÇÑÇÊ ÃÎÑì,,,,,
text,reasons_noaccess_dropped_school_other,"if other, please specify",yes,,"selected(${reasons_noaccess_dropped_school}, 'other')",,,, ÃÎÑì (ÍÏÏ),,,,,,
select_multiple nonformat_education,type_nonformal_education,Are the children in your household attending any kind of non- formal (completely out of the formal/informal school system) education?,yes,,${calcul_nb_under18} >0,,"not(selected(.,'none')) and not(selected(.,'dk')) and not(selected(.,'dwta')) or count-selected(.) = 1",some options can't be selected with other options,ªá ?ÒÇæá ÇáÃØİÇá İí ÃÓÑÊß Ãí äæÚ ãä ÃäæÇÚ ÇáÊÚá?ã Û?Ñ ÇáÑÓãí (ÊÚáíã áíÓ áå Çí ÚáÇŞÉ ÈÇáÊÚáíã ÇáÑÓãí) ¿,ÈÚÖ ÇáÎíÇÑÇÊ áÇ íãßä ÇÎÊíÇÑåÇ ãÚ ÎíÇÑÇÊ ÃÎÑì,,,,,
text,type_nonformal_education_other,"If other, specify",yes,,"selected(${type_nonformal_education}, 'other')",,,, ÃÎÑì (ÍÏÏ),,,,,,
end_group,,,,,,,,,,,,,,,
,,,,,,,,,,,,,,,
begin_group,wash,WASH,yes,,,,,,"ÇáãÇÁ¡ ÇáäÙÇİÉ æÇáÕÑİ ÇáÕÍí",,,,,,
select_one water_source,water_source,What was the main source of drinking water used by members of this household over the past 30 days?,yes,,,quick,,,ãÇ åæ ÇáãÕÏÑ ÇáÑÆíÓí áãíÇå ÇáÔÑÈ ÇáÊí ÇÓÊÎÏãåÇ ÃİÑÇÏ åĞå ÇáÃÓÑÉ ÎáÇá ÇáËáÇËíä íæãğÇ ÇáãÇÖíÉ¿,,,,,,
text,water_source_other,Other: ,yes,,"selected(${water_source},'other')",,,, ÃÎÑì,,,,,,
select_one distance_water_source,distance_water_source,Where is this drinking water source located?,yes,,"not(selected(${water_source},'dk'))",quick,,,Ãíä íŞÚ ãÕÏÑ ãíÇå ÇáÔÑÈ åĞÇ¿,,,,"If the household obtains water from elsewhere and brings it back, please give the location of the original water source","ÅĞÇ ÍÕáÊ ÇáÃÓÑÉ Úáì ÇáãíÇå ãä ãßÇä ÂÎÑ æÃÚÇÏÊåÇ ¡ íÑÌì ÅÚØÇÁ ãæŞÚ ãÕÏÑ ÇáãíÇå ÇáÃÕáí",
text,distance_water_source_other,"if other, please specify",yes,,"selected(${distance_water_source},'other')",,,,ÑÌÇÁ ÍÏÏ,,,,,,
select_one yes_no_dk_dwta,water_for_other_purpose,"Does your household use a different water source for other purposes, such hygiene?",yes,,,quick,,,"åá ÊÓÊÎÏã ÃÓÑÊß ãÕÏÑğÇ ãÎÊáİğÇ ááãíÇå áÃÛÑÇÖ ÃÎÑì ¡ ãËá ÇáäÙÇİÉ¿",,,,,,
select_one water_source,water_source_other_purpose,"If yes: What was the main source of water used by members of this household over the past 30 days for other purposes, such  hygiene?",yes,,"selected(${water_for_other_purpose},'yes')",quick,. != ${water_source},,"ÅĞÇ ßÇäÊ ÇáÅÌÇÈÉ äÚã: ãÇ åæ ÇáãÕÏÑ ÇáÑÆíÓí ááãíÇå ÇáĞí ÇÓÊÎÏãå ÃİÑÇÏ åĞå ÇáÃÓÑÉ ÎáÇá ÇáËáÇËíä íæãğÇ ÇáãÇÖíÉ áÃÛÑÇÖ ÃÎÑì ¡ ãËá áäÙÇİÉ¿",,,,,,
select_one yes_no_dk_dwta,unsufficient_drinking_water,"In the last month, has there been any time when your household did not have a sufficient quantity of drinking water?",yes,,,quick,,,"İí ÇáÔåÑ ÇáãÇÖí ¡ åá ßÇä åäÇß Ãí æŞÊ áã íßä áÏì ÃÓÑÊß ßãíÉ ßÇİíÉ ãä ãíÇå ÇáÔÑÈ¿",,,,,,
select_one water_quality,water_quality,How do you describe the quality of the drinking water from the main source the household received during the last 30 days? ,yes,,,quick,"not(selected(.,'dk')) and not(selected(.,'dwta')) or count-selected(.) = 1",some options can't be selected with other options,ßíİ ÊŞíãæä äæÚíÉ ãíÇå ÇáÔÑÈ ãä ÇáãÕÏÑ ÇáÃÓÇÓí ÇáÊí ÇÓÊÎÏãÊåÇ ÇáÃÓÑÉ İí ËáÇËæä íæãÇ ÇáãÇÖíÉ¿,ÈÚÖ ÇáÎíÇÑÇÊ áÇ íãßä ÇÎÊíÇÑåÇ ãÚ ÎíÇÑÇÊ ÃÎÑì,,,,,
text,water_quality_other,Other: ,yes,,"selected(${water_quality},'other')",,,, ÃÎÑì,,,,,,
select_multiple water_treatment,water_treatment,"What methods does your household use, if any, to improve the quality of its drinking water?",yes,,,,"not(selected(.,'no_treatment')) and not(selected(.,'dwta')) and not(selected(.,'dk')) and count-selected(.) <= 3 or count-selected(.) = 1",some options can't be selected with other options,ãÇ åí ÇáØÑíŞÉ ÇáÊí ÊÓÊÎÏãæäåÇ áÊÍÓíä äæÚíÉ ãíÇå ÇáÔÑÈ¿,ÈÚÖ ÇáÎíÇÑÇÊ áÇ íãßä ÇÎÊíÇÑåÇ ãÚ ÎíÇÑÇÊ ÃÎÑì,,,,ãÊÚÏÏ ÇáÎíÇÑÇÊ ,
text,water_treatment_other,Other: ,yes,,"selected(${water_treatment},'other')",,,, ÃÎÑì,,,,,,
select_one access_public_network_water,access_public_network_water,"Over the past 7 days, on how many days did your household have access to water from the public network?",yes,,,quick,,,"ÎáÇá ÇáÃíÇã ÇáÓÈÚÉ ÇáãÇÖíÉ ¡ ßã ÚÏÏ ÇáÃíÇã ÇáÊí ÍÕáÊ İíåÇ ÃÓÑÊß Úáì ÇáãíÇå ãä ÇáÔÈßÉ ÇáÚÇãÉ¿",,,,,,
select_multiple toilet_type,toilet_type,What kind of toilet does your household have access to?,yes,,,,"not(selected(.,'dk')) and not(selected(.,'dwta')) and not(selected(.,'no_toilet')) and count-selected(.) <= 3 or count-selected(.) = 1",some options can't be selected with other options,ãÇ äæÚ ÇáãÑÍÇÖ ÇáĞí ÊÓÊØíÚ ÃÓÑÊß ÇáæÕæá Åáíå¿,ÈÚÖ ÇáÎíÇÑÇÊ áÇ íãßä ÇÎÊíÇÑåÇ ãÚ ÎíÇÑÇÊ ÃÎÑì,,,,ãÊÚÏÏ ÇáÎíÇÑÇÊ ,
text,toilet_type_other,Other: ,yes,,"selected(${toilet_type},'other')",,,, ÃÎÑì,,,,,,
select_multiple waste_management,waste_management,How did your household most often dispose of its trash over the past 30 days?,yes,,,,"not(selected(.,'dk')) and not(selected(.,'dwta')) and count-selected(.) <= 3  or count-selected(.) = 1",some options can't be selected with other options,ßíİ íÊã ÇáÊÚÇãá ãÚ ÇáŞãÇãÉ İí ãäØŞÊßã ÎáÇá ËáÇËæä íæãÇ ÇáãÇÖíÉ¿,ÈÚÖ ÇáÎíÇÑÇÊ áÇ íãßä ÇÎÊíÇÑåÇ ãÚ ÎíÇÑÇÊ ÃÎÑì,,,,ãÊÚÏÏ ÇáÎíÇÑÇÊ ,
text,waste_management_other,Other: ,yes,,"selected(${waste_management},'other')",,,, ÃÎÑì,,,,,,
select_one frequency_trash_collection,frequency_trash_collection,"If ""Collected by the municipality..."": 
How frequently is your household's trash collected?",yes,,"selected(${waste_management},'assembled_service')",quick,,,"ÅĞÇ ""ÌãÚÊ ãä ŞÈá ÇáÈáÏíÉ ..."":
ßã ãÑÉ íÊã ÌãÚ ÇáŞãÇãÉ ÇáãäÒáíÉ ÇáÎÇÕÉ Èß¿",,,,,,
text,frequency_trash_collection_other,Other: ,yes,,"selected(${frequency_trash_collection},'other')",,,, ÃÎÑì,,,,,,
end_group,,,,,,,,,,,,,,,
,,,,,,,,,,,,,,,
begin_group,health,Health,yes,,,,,,ÇáÕÍÉ,,,,,,
select_one yes_no_dk_dwta,healthcare_needed_15days,Have you or anyone in your household been ill in the past 15 days?,yes,,,quick,,,åá ÊÚÑÖÊ ÃäÊ Ãæ Ãí ÃÍÏ ãä ÃİÑÇÏ ÃÓÑÊß ááãÑÖ ÎáÇá ÎãÓÉ ÚÔÑ íæãğÇ ÇáãÇÖíÉ¿,,,,,,
select_one yes_no_dk_dwta,healthcare_received,"If Yes, did you/they go to a health facility to access the needed health care?",yes,,${healthcare_needed_15days} = 'yes',quick,,,"ÅĞÇ ßÇäÊ ÇáÅÌÇÈÉ ""äÚã""¡ åá ĞåÈÊ Ãæ Ãí ÃÍÏ ãä ÃİÑÇÏ ÃÓÑÊß Åáì ãÑİŞ ÕÍí ááæÕæá Åáì ÇáÑÚÇíÉ ÇáÕÍíÉ ÇáãØáæÈÉ¿",,,,,,
select_one healthcare_facility_visited,healthcare_facility_visited,"If Yes, what kind of health facility did you/they visit",yes,,${healthcare_needed_15days} = 'yes',quick,,,"ÅĞÇ ßÇäÊ ÇáÅÌÇÈÉ ÈäÚã ¡ ãÇ åæ äæÚ ÇáãÑİŞ ÇáÕÍí ÇáĞí ÒÑÊå Ãæ Ãí ÃÍÏ ãä ÃİÑÇÏ ÃÓÑÊß ŞÇã ÈÒíÇÑÊå",,,,,,
select_multiple healthcare_criteria,healthcare_criteria,What were the criteria of your choice for the healthcare facility (3 reasons maximum)?,yes,,${healthcare_needed_15days} = 'yes',,"count-selected(.)<=3 and not(selected(.,'dk')) and not(selected(.,'dwta')) or count-selected(.) = 1",some options can't be selected with other options,ãÇ åí ãÚÇííÑ ÇÎÊíÇÑß ááãÑİŞ ÇáÕÍí (3 ÃÓÈÇÈ ßÍÏ ÃŞÕì)¿,ÈÚÖ ÇáÎíÇÑÇÊ áÇ íãßä ÇÎÊíÇÑåÇ ãÚ ÎíÇÑÇÊ ÃÎÑì,,,,,
text,healthcare_criteria_other,"if other, please specify",yes,,"selected(${healthcare_criteria}, 'other')",,,, ÃÎÑì (ÍÏÏ),,,,,,
select_one yes_no_dk_dwta,nohealthaccess,Do you face any challenges accessing health facilities when you need them?,yes,,,quick,,,åá ÊæÇÌå Ãí ÊÍÏíÇÊ İí ÇáæÕæá Åáì ÇáãÑÇİŞ ÇáÕÍíÉ ÚäÏãÇ ÊÍÊÇÌ ÅáíåÇ¿,,,,,,
select_multiple reasons_nohealthaccess,reasons_nohealthaccess,"If Yes, what are the main reasons for you to have limited or no access to healthcare (3 reasons maximum)?",yes,,"selected(${nohealthaccess}, 'yes')",,"count-selected(.)<=3 and not(selected(.,'dk')) and not(selected(.,'dwta')) or count-selected(.) = 1",some options can't be selected with other options,"ÅĞÇ ßÇäÊ ÇáÇÌÇÈÉ äÚã¡ ãÇ åí ÇáÃÓÈÇÈ ÇáÑÆíÓíÉ ÇáÊí ÊÚíŞ ÍÕæáß Úáì ÇáÑÚÇíÉ ÇáÕÍíÉ ÈÔßá ãÍÏæÏ Ãæ ÔÇãá¿ (3 ÃÓÈÇÈ ßÍÏ ÃŞÕì)",ÈÚÖ ÇáÎíÇÑÇÊ áÇ íãßä ÇÎÊíÇÑåÇ ãÚ ÎíÇÑÇÊ ÃÎÑì,,,,,
text,reasons_nohealthaccess_other,"If other, specify",yes,,"selected(${reasons_nohealthaccess}, 'other')",,,,ÃÎÑì (ÍÏÏ),,,,,,
select_one time_healthcentre,time_healthcentre,How much time does it take you by car to travel from your place of residence to the nearest health service provider?,yes,,,quick,,,ßã íÓÊÛÑŞ ÇáÊäŞá İí ÓíÇÑÉ ãä ãßÇä ÅŞÇãÊß Åáì ÃŞÑÈ ãÒæÏ ÎÏãÉ ÕÍíÉ¿,,,,,,
integer,nb_currentlypregnant,How many women in the household gave live birth during the 2 last years?,yes,,${calcul_nb_over18_female} >0,,(. >=0 and . <= ${calcul_nb_over18_female}) or .=99,,ßã ÇãÑÃÉ İí ÇáÃÓÑÉ æáÏÊ ÎáÇá ÇáÚÇãíä ÇáãÇÖííä¿,ÇáÚÏÏ ÇáĞí Êã ÇÏÎÇáå ÃßÈÑ ãä ÚÏÏ ÇáÈÇáÛÇÊ İí ÇáÇÓÑÉ ,,,Please put the number 99 if the interviewee did not want to answer,"Åä ßÇä ÇáãÓÊÌæÈ áÇ íÑíÏ ÇáÇÌÇÈÉ Úä åĞÇ ÇáÓÄÇá¡ ÖÚ ÇáÑŞã 99. ",
select_multiple pregnancy_consulted,pregnancy_consultedby,who assisted them in the delivery?,yes,,${nb_currentlypregnant} >0 and ${nb_currentlypregnant}!=99,,"not(selected(.,'dk')) and not(selected(.,'dwta')) or count-selected(.) = 1",some options can't be selected with other options,ãä ÇáĞí ÓÇÚÏ İí ÇáæáÇÏÉ ,ÈÚÖ ÇáÎíÇÑÇÊ áÇ íãßä ÇÎÊíÇÑåÇ ãÚ ÎíÇÑÇÊ ÃÎÑì,,,,,
text,pregnancy_consultedby_other,"If other, specify",yes,,"selected(${pregnancy_consultedby}, 'other')",,,, ÃÎÑì (ÍÏÏ),,,,,,
integer,breastfeeding_6months,"Of these women [who gave live birth during the last 2 years], how many fed their children using bottled milk or baby formula until 6 months of age?",yes,,${nb_currentlypregnant} >0,,. <= ${nb_currentlypregnant} or .=99,,"ãä Èíä åÄáÇÁ ÇáäÓÇÁ [ÇááÇÆí æåÈä ãæáæÏğÇ ÍíğÇ ÎáÇá ÇáÚÇãíä ÇáãÇÖííä] ¡ ãÇ åæ ÚÏÏ ÇááÇÊí ÃØÚãä ÃØİÇáåä ÈÇÓÊÎÏÇã ÇáÍáíÈ ÇáãÚÈÃ İí ÒÌÇÌÇÊ Ãæ ÍáíÈ ÇáÃØİÇá İí 6 ÃÔåÑ ÇáÃæáì ãä ÇáÚãÑ¿",ÇáÚÏÏ ÃßÈÑ ãä ÚÏÏ ÇáäÓÇÁ ÇááÇÊí æáÏäÇ ÎáÇá ÇáÚÇãíä ÇáãÇÖííä,,,Please put the number 99 if the interviewee did not want to answer,"Åä ßÇä ÇáãÓÊÌæÈ áÇ íÑíÏ ÇáÇÌÇÈÉ Úä åĞÇ ÇáÓÄÇá¡ ÖÚ ÇáÑŞã 99. ",
integer,nb_children_vaccinationcard,How many children in the household have a vaccination card?,yes,,${calcul_nb_under18} >0,,.<=${calcul_nb_under18} or .=99,The number specified here can't be higher than the number of persons under 18 in the household,ßã ÚÏÏ ÇáÃØİÇá İí ÃÓÑÊß íãáßæä ÈØÇŞÉ ÊØÚíã¿,áÇ íãßä Ãä íßæä ÇáÚÏÏ ÇáãÍÏÏ åäÇ ÃÚáì ãä ÚÏÏ ÇáÃÔÎÇÕ Ïæä Óä 18 ÚÇãÇ İí ÇáÃÓÑÉ ,,,Please put the number 99 if the interviewee did not want to answer,"Åä ßÇä ÇáãÓÊÌæÈ áÇ íÑíÏ ÇáÇÌÇÈÉ Úä åĞÇ ÇáÓÄÇá¡ ÖÚ ÇáÑŞã 99. ",
select_one yes_no_dk_dwta,ind_chronicdisease,Does any members of your household suffer from any chronic disease?,yes,,,quick,,,åá íÚÇäí Ãí ãä ÃİÑÇÏ ÃÓÑÊß ãä Ãí ãÑÖ ãÒãä¿,,,,,,
integer,nb_ind_chronicdisease,How many members of your HH have been diagnosed with a chronic disease?,yes,,${ind_chronicdisease} = 'yes',,,,ßã ÚÏÏ ÃİÑÇÏ ÃÓÑÊß ÇáĞíä Êã ÊÔÎíÕåã ÈãÑÖ ãÒãä¿,,,,"Examples of chronic disease: blood pressure, diabetes, joint pain, heart disease, asthma, cataract, stomach ulcers, chronic back pain, epilepsy ","Ex: ÖÛØ ÇáÏã, 
ÇáÓßÑí
Ãáã ÇáãİÇÕá (ÇáÊåÇÈ ÇáãİÇÕá)
ÃãÑÇÖ ÇáŞáÈ
ÇáÑÈæ
ÇáÓÇÏ (ÚÊãÉ İí ÚÏÓÉ ÇáÚíä)
ŞÑÍÉ ÇáãÚÏÉ
ÂáÇã ÇáÙåÑ ÇáãÒãä (ÇáÍÈá ÇáÔæßí)
ÇáÕÑÚ",
select_multiple chronic_disease,type_chronic_disease,"If yes, what do they suffer from? (Select medically-diagnosed disease(s) per person)",yes,,${nb_ind_chronicdisease} > 0,,"not(selected(.,'dk')) and not(selected(.,'dwta')) or count-selected(.) = 1",some options can't be selected with other options," ÅĞÇ ßÇäÊ ÇáÅÌÇÈÉ äÚã ¡ İãÇ ÇáĞí íÚÇäæä ãäå¿ (ÍÏÏ ãÑÖ (ÃãÑÇÖ) ãÔÎÕÉ ØÈíÇ áßá ÔÎÕ)",ÈÚÖ ÇáÎíÇÑÇÊ áÇ íãßä ÇÎÊíÇÑåÇ ãÚ ÎíÇÑÇÊ ÃÎÑì,,,,,
text,type_chronic_disease_other,"if other, please specify",yes,,"selected(${type_chronic_disease},'other')",,,, ÃÎÑì (ÍÏÏ),,,,,,
select_one chronicdisease_medecine,chronicdisease_medecine,"If Yes, do they have access to medicines?",yes,,${nb_ind_chronicdisease} > 0,quick,,," ÅĞÇ ßÇä ÇáÌæÇÈ ÈäÚã ¡ åá áÏíåã ÅãßÇäíÉ ÇáÍÕæá Úáì ÇáÃÏæíÉ¿",,,,,,
select_one yes_no_dk_dwta,mental_disorder,Have you or anyone in your household been diagnosed with a clinical mental disorder?,yes,,${nb_ind_chronicdisease} > 0,quick,,,åá Êã ÊÔÎíÕ Ãí İÑÏ İí ãäÒáß  ÈÇÖØÑÇÈ ÚŞáí¿,,,,,,
select_one access_healthcare_service,access_healthcare_service,"If Yes, do they have adequate access to mental health care services?",yes,,${mental_disorder} = 'yes',quick,,,"ÅĞÇ ßÇä ÇáÌæÇÈ äÚã ¡ åá áÏíåã ÅãßÇäíÉ ÇáæÕæá ÇáßÇİí áÎÏãÇÊ ÇáÑÚÇíÉ ÇáÕÍíÉ ÇáÚŞáíÉ¿",,,,,,
select_multiple service_access_issues,service_access_issues,"If no or limited access, what are the services with access issues?",yes,,"selected(${access_healthcare_service},'no_access') or selected(${access_healthcare_service},'limited_access')",,"not(selected(.,'dk')) and not(selected(.,'dwta')) or count-selected(.) = 1",some options can't be selected with other options,"İí ÍÇáÉ ÚÏã ÇáæÕæá Ãæ ÇáæÕæá ÇáãÍÏæÏ ¡ ãÇ åí ÇáÎÏãÇÊ ÇáÊí ÊæÇÌå ãÔßáÇÊ ÇáæÕæá¿",ÈÚÖ ÇáÎíÇÑÇÊ áÇ íãßä ÇÎÊíÇÑåÇ ãÚ ÎíÇÑÇÊ ÃÎÑì,,,,,
text,service_access_issues_other,"if other, please specify",yes,,"selected(${service_access_issues},'other')",,,, ÃÎÑì (ÍÏÏ),,,,,,
select_one yes_no_dk_dwta,physical_disability,Have you or anyone in your household been diagnosed with a physical disability?,yes,,,quick,,,åá Êã ÊÔÎíÕß ÃäÊ Ãæ Ãí ÔÎÕ İí ÚÇÆáÊß ÈÅÚÇŞÉ ÌÓÏíÉ¿,,,,,,
select_one access_healthcare_service,physical_disability_healthcare_service,"If Yes, did he/they have access to the needed health care",yes,,${physical_disability} = 'yes',quick,,," ÅĞÇ ßÇä ÇáÌæÇÈ ÈäÚã ¡ İåá ÈÇãßÇäß/ ÇãßÇäßã ÇáÍÕæá Úáì ÇáÑÚÇíÉ ÇáÕÍíÉ ÇáãØáæÈÉ¿",,,,,,
select_multiple service_access_issues,physical_disability_service_issues,"If No access or Limited access, what are the services with access issues?",yes,,"selected(${physical_disability_healthcare_service},'no_access') or selected(${physical_disability_healthcare_service},'limited_access')",,"not(selected(.,'dk')) and not(selected(.,'dwta')) or count-selected(.) = 1",some options can't be selected with other options,"İí ÍÇáÉ ÚÏã ÇáæÕæá Ãæ ÇáæÕæá ÇáãÍÏæÏ ¡ ãÇ åí ÇáÎÏãÇÊ ÇáÊí ÊæÇÌå ãÔßáÇÊ ÇáæÕæá¿",ÈÚÖ ÇáÎíÇÑÇÊ áÇ íãßä ÇÎÊíÇÑåÇ ãÚ ÎíÇÑÇÊ ÃÎÑì,,,,,
text,physical_disability_service_issues_other,"if other, please specify",yes,,"selected(${physical_disability_service_issues},'other')",,,, ÃÎÑì (ÍÏÏ),,,,,,
end_group,,,,,,,,,,,,,,,
,,,,,,,,,,,,,,,
begin_group,cash_markets,Cash and Markets,yes,,,,,,ÇáäŞÏ æ ÇáÃÓæÇŞ ,,,,,,
begin_group,type_jobs_adults,How many adults (aged 18 and over) in your household have worked in the past 30 days in the following types of jobs?  (choose primary job),yes,,${calcul_nb_over18} >0,field-list,,,"ßã ÚÏÏ ÇáÈÇáÛíä (ÇáËÇãäÉ ÚÔÑ ÓäÉ İÃßËÑ) İí ÈíÊß¡  ÚãáæÇ ÎáÇá ËáÇËæä íæãÇ ÇáãÇÖíÉ İí  ÃäæÇÚ ÇáæÙÇÆİ ÇáãæÇáíÉ¿ (ÅÎÊÑ ÇáæÙíİÉ ÇáÃÓÇÓíÉ)",,,,,,
integer,permanent_job_adult,Permanent job with annual/monthly/weekly wage,yes,,,,. >=0 and .<= ${calcul_nb_over18},,æÙíİÉ ÏÇÆãÉ ãÚ ÃÌÑ ÔåÑí / Óäæí / ÃÓÈæÚí:,ÇáÚÏÏ íİæŞ ÚÏÏ ÇáÈÇáÛíä İí ÇáÇÓÑÉ ,,,primary job,ÅÎÊÑ ÇáæÙíİÉ ÇáÃÓÇÓíÉ,
integer,temporary_job_adult,Temporary job with weekly/daily/monthly wage,yes,,,,. >=0 and .<= ${calcul_nb_over18},,Úãá ãÄŞÊ  ãÚ ÃÌÑ ÔåÑí / Óäæí / ÃÓÈæÚí:,ÇáÚÏÏ íİæŞ ÚÏÏ ÇáÈÇáÛíä İí ÇáÇÓÑÉ ,,,primary job,ÅÎÊÑ ÇáæÙíİÉ ÇáÃÓÇÓíÉ,
integer,daily_labour_adult,Daily labour,yes,,,,. >=0 and .<= ${calcul_nb_over18},,ÇÔÛÇá íæãíÉ,ÇáÚÏÏ íİæŞ ÚÏÏ ÇáÈÇáÛíä İí ÇáÇÓÑÉ ,,,primary job,ÅÎÊÑ ÇáæÙíİÉ ÇáÃÓÇÓíÉ,
integer,gvt_payroll_adult,Permanent job (government payroll) without regular attendance,yes,,,,. >=0 and .<= ${calcul_nb_over18},,æÙíİÉ ÏÇÆãÉ (ÑÇÊÈ Íßæãí) ÈÏæä ÍÖæÑ ãäÊÙã,ÇáÚÏÏ íİæŞ ÚÏÏ ÇáÈÇáÛíä İí ÇáÇÓÑÉ ,,,primary job,ÅÎÊÑ ÇáæÙíİÉ ÇáÃÓÇÓíÉ,
end_group,,,,,,,,,,,,,,,
calculate,calcul_jobs_adults_nb,,,,,,,,,,,${permanent_job_adult}+${temporary_job_adult}+${daily_labour_adult}+${gvt_payroll_adult},,,
note,error_jobs_adults_nb,the numbers of adults that have worked in the past 30 days is greater than the number of adults in this HH,yes,,${calcul_nb_over18} < ${calcul_jobs_adults_nb},,,,ÚÏÏ ÇáÈÇáÛíä ÇáĞíä ÚãáæÇ ÎáÇá ÇáËáÇËíä íæãğÇ ÇáãÇÖíÉ ÃßÈÑ ãä ÚÏÏ ÇáÈÇáÛíä İí åĞå ÇáÃÓÑÉ,,,,,,
begin_group,type_jobs_minor,How many children (aged 17 and under) in your household have worked in the past month in the following types of jobs? (choose primary job),yes,,${calcul_nb_under18} >0,field-list,,,"ßã ÚÏÏ ÇáÃØİÇá ( ÓÈÚÉ ÚÔÑ ÓäÉ æ ÊÍÊ) İí ÃÓÑÊß¡ ÚãáæÇ ÎáÇá  ËáÇËæä íæãÇ ÇáãÇÖíÉ İí  ÃäæÇÚ ÇáæÙÇÆİ ÇáÊÇáíÉ¿ (ÅÎÊÑ ÇáæÙíİÉ ÇáÃÓÇÓíÉ)",,,,,,
integer,permanent_job_minor,Permanent job with annual/monthly/weekly wage,yes,,,,. >=0 and .<= ${calcul_nb_under18},,æÙíİÉ ÏÇÆãÉ ãÚ ÃÌÑ ÔåÑí / Óäæí / ÃÓÈæÚí:,ÇáÚÏÏ íİæŞ ÚÏÏ ÇáŞÇÕÑíä İí ÇáÇÓÑÉ ,,,primary job,ÅÎÊÑ ÇáæÙíİÉ ÇáÃÓÇÓíÉ,
integer,temporary_job_minor,Temporary job with weekly/daily/monthly wage,yes,,,,. >=0 and .<= ${calcul_nb_under18},,Úãá ãÄŞÊ  ãÚ ÃÌÑ ÔåÑí / Óäæí / ÃÓÈæÚí:,ÇáÚÏÏ íİæŞ ÚÏÏ ÇáŞÇÕÑíä İí ÇáÇÓÑÉ ,,,primary job,ÅÎÊÑ ÇáæÙíİÉ ÇáÃÓÇÓíÉ,
integer,daily_labour_minor,Daily labour,yes,,,,. >=0 and .<= ${calcul_nb_under18},,ÇÔÛÇá íæãíÉ,ÇáÚÏÏ íİæŞ ÚÏÏ ÇáŞÇÕÑíä İí ÇáÇÓÑÉ ,,,primary job,ÅÎÊÑ ÇáæÙíİÉ ÇáÃÓÇÓíÉ,
end_group,,,,,,,,,,,,,,,
calculate,calcul_jobs_minors_nb,,,,,,,,,,,${permanent_job_minor}+${temporary_job_minor}+${daily_labour_minor},,,
note,error_jobs_minor_nb,the numbers of minors that have worked in the past 30 days is greater than the number of minors in this HH,yes,,${calcul_nb_under18} < ${calcul_jobs_minors_nb},,,,ÚÏÏ ÇáŞÇÕÑíä ÇáĞíä ÚãáæÇ ÎáÇá ÇáËáÇËíä íæãğÇ ÇáãÇÖíÉ ÃßÈÑ ãä ÚÏÏ ÇáŞÇÕÑíä İí åĞå ÇáÃÓÑÉ,,,,,,
begin_group,employment_profile_male,"In total, how many male adults (aged 18 and over) in your household worked for the following types of institutions in the past 30 days?",yes,,${calcul_jobs_adults_nb}>0,field-list,,,"İí ÇáãÌãæÚ ¡ ãÇ åæ ÚÏÏ ÇáĞßæÑ ÇáÈÇáÛíä (ÇáĞíä ÊÈáÛ ÃÚãÇÑåã ÇáËÇãäÉ ÚÔÑ ÓäÉ æãÇ İæŞ) İí ÃÓÑÊß ÇáĞíä íÚãáæä İí ÇáÃäæÇÚ ÇáÊÇáíÉ ãä ÇáãÄÓÓÇÊ ÎáÇá ÇáËáÇËíä íæãğÇ ÇáãÇÖíÉ¿",,,,they should only answer for the job which they are most dependent  on for living,íÌÈ Ãä íÌíÈæÇ İŞØ Úä ÇáæÙíİÉ ÇáÊí íÚÊãÏæä ÚáíåÇ ÈÔßá ßÈíÑ ááÚíÔ,
integer,gov_job_male,1. Government or public sector,yes,,,,.>=0 and .<= ${calcul_nb_over18_male},, ÇáÍßæãÉ Ãæ ÇáŞØÇÚ ÇáÚÇã,,,,,,
integer,private_libya_job_male,2. Libyan-owned business (private sector),yes,,,,.>=0 and .<= ${calcul_nb_over18_male},, ÔÑßÇÊ áíÈíÉ (ÇáŞØÇÚ ÇáÎÇÕ),,,,,,
integer,private_foreign_job_male,3. Foreign-owned business (private sector),yes,,,,.>=0 and .<= ${calcul_nb_over18_male},,ÇáÔÑßÇÊ ÇáÇÌäÈíÉ (ÇáŞØÇÚ ÇáÎÇÕ),,,,,,
integer,ngo_libya_job_male,"4. Libyan non-profit sector (Libyan NGO, civil society organization, etc.)",yes,,,,.>=0 and .<= ${calcul_nb_over18_male},,"ÇáŞØÇÚ ÛíÑ ÇáÑÈÍí ÇááíÈí (ÇáãäÙãÇÊ ÛíÑ ÇáÍßæãíÉ ÇááíÈíÉ ¡ ãäÙãÇÊ ÇáãÌÊãÚ ÇáãÏäí ¡ ÅáÎ.)",,,,,,
integer,ngo_international_job_male,"5. International non-profit sector (international NGO, UN agency, etc.)",yes,,,,.>=0 and .<= ${calcul_nb_over18_male},," ÇáŞØÇÚ ÛíÑ ÇáÑÈÍí ÇáÚÇáãí (ÇáãäÙãÇÊ ÛíÑ ÇáÍßæãíÉ ÇáÏæáíÉ ¡ ææßÇáÇÊ ÇáÃãã ÇáãÊÍÏÉ ¡ ÅáÎ.)",,,,,,
integer,own_business_male,6. Own business or family business,yes,,,,.>=0 and .<= ${calcul_nb_over18_male},, ÇáÃÚãÇá ÇáÊÌÇÑíÉ ÇáÎÇÕÉ Ãæ ÇáÚÇÆáíÉ,,,,,,
integer,informal_labour_male,7. Informal or irregular labour,yes,,,,.>=0 and .<= ${calcul_nb_over18_male},, ÇáÚãá ÛíÑ ÇáÑÓãí Ãæ ÛíÑ ÇáäÙÇãí,,,,,,
integer,employment_male_other,8. Other (please specify),yes,,,,.>=0 and .<= ${calcul_nb_over18_male},, ÛíÑ Ğáß (íÑÌì ÇáÊÍÏíÏ),,,,,,
end_group,,,,,,,,,,,,,,,
calculate,calcul_employment_profile_male,,,,,,,,,,,${gov_job_male}+${private_libya_job_male}+${private_foreign_job_male}+${ngo_libya_job_male}+${ngo_international_job_male}+${own_business_male}+${informal_labour_male}+${employment_male_other},,,
note,error_employment_male_profile,the total number exceeds the total number of male adults,yes,,${calcul_employment_profile_male} > ${calcul_nb_over18_male},,,,ÇáÚÏÏ ÇáÅÌãÇáí íÊÌÇæÒ ÇáÚÏÏ ÇáÅÌãÇáí ÇáĞßæÑ ááÈÇáÛíä ,,,,,,
text,employment_profile_male_ot,"If other sector, Please specify",yes,,${employment_male_other} > 0,,,,ÍÏÏ Åä ßäÊ ÇÎÊÑÊ ŞØÇÚ ÇÎÑ ,,,,,,
begin_group,employment_profile_female,"In total, how many female adults (aged 18 and over) in your household worked for the following types of institutions in the past 30 days?",yes,,${calcul_jobs_adults_nb}>0,field-list,,,"İí ÇáãÌãæÚ ¡ ãÇ åæ ÚÏÏ ÇáÇäÇË ÇáÈÇáÛÇÊ (ÇáÈÇáÛÇÊ ãä ÇáÚãÑ ÇáËÇãäÉ ÚÔÑ ÓäÉ İãÇ İæŞ) İí ÃÓÑÊß ÇááÇÊí ÊÚãáä İí ÇáÃäæÇÚ ÇáÊÇáíÉ ãä ÇáãÄÓÓÇÊ ÎáÇá ÇáËáÇËíä íæãğÇ ÇáãÇÖíÉ¿",,,,they should only answer for the job which they are most dependent  on for living,íÌÈ Ãä íÌíÈæÇ İŞØ Úä ÇáæÙíİÉ ÇáÊí íÚÊãÏæä ÚáíåÇ ÈÔßá ßÈíÑ ááÚíÔ,
integer,gov_job_female,1. Government or public sector,yes,,,,.>=0 and .<= ${calcul_nb_over18_female},, ÇáÍßæãÉ Ãæ ÇáŞØÇÚ ÇáÚÇã,,,,,,
integer,private_libya_job_female,2. Libyan-owned business (private sector),yes,,,,.>=0 and .<= ${calcul_nb_over18_female},, ÔÑßÇÊ áíÈíÉ (ÇáŞØÇÚ ÇáÎÇÕ),,,,,,
integer,private_foreign_job_female,3. Foreign-owned business (private sector),yes,,,,.>=0 and .<= ${calcul_nb_over18_female},,ÇáÔÑßÇÊ ÇáÇÌäÈíÉ (ÇáŞØÇÚ ÇáÎÇÕ),,,,,,
integer,ngo_libya_job_female,"4. Libyan non-profit sector (Libyan NGO, civil society organization, etc.)",yes,,,,.>=0 and .<= ${calcul_nb_over18_female},,"ÇáŞØÇÚ ÛíÑ ÇáÑÈÍí ÇááíÈí (ÇáãäÙãÇÊ ÛíÑ ÇáÍßæãíÉ ÇááíÈíÉ ¡ ãäÙãÇÊ ÇáãÌÊãÚ ÇáãÏäí ¡ ÅáÎ.)",,,,,,
integer,ngo_international_job_female,"5. International non-profit sector (international NGO, UN agency, etc.)",yes,,,,.>=0 and .<= ${calcul_nb_over18_female},," ÇáŞØÇÚ ÛíÑ ÇáÑÈÍí ÇáÚÇáãí (ÇáãäÙãÇÊ ÛíÑ ÇáÍßæãíÉ ÇáÏæáíÉ ¡ ææßÇáÇÊ ÇáÃãã ÇáãÊÍÏÉ ¡ ÅáÎ.)",,,,,,
integer,own_business_female,6. Own business or family business,yes,,,,.>=0 and .<= ${calcul_nb_over18_female},, ÇáÃÚãÇá ÇáÊÌÇÑíÉ ÇáÎÇÕÉ Ãæ ÇáÚÇÆáíÉ,,,,,,
integer,informal_labour_female,7. Informal or irregular labour,yes,,,,.>=0 and .<= ${calcul_nb_over18_female},, ÇáÚãá ÛíÑ ÇáÑÓãí Ãæ ÛíÑ ÇáäÙÇãí,,,,,,
integer,employment_female_other,8. Other (please specify),yes,,,,.>=0 and .<= ${calcul_nb_over18_female},, ÛíÑ Ğáß (íÑÌì ÇáÊÍÏíÏ),,,,,,
end_group,,,,,,,,,,,,,,,
calculate,calcul_employment_profile_female,,,,,,,,,,,${gov_job_female}+${private_libya_job_female}+${private_foreign_job_female}+${ngo_libya_job_female}+${ngo_international_job_female}+${own_business_female}+${informal_labour_female}+${employment_female_other},,,
note,error_employment_female_profile,the total number exceeds the total number of female adults,yes,,${calcul_employment_profile_female} > ${calcul_nb_over18_female},,,,"ÇáÚÏÏ ÇáÅÌãÇáí íÊÌÇæÒ ÇáÚÏÏ ÇáÅÌãÇáí ÇáÅäÇË ááÈÇáÛíä 
",,,,,,
text,employment_profile_female_ot,"If other sector, Please specify",yes,,${employment_female_other} > 0,,,,ÍÏÏ Åä ßäÊ ÇÎÊÑÊ ŞØÇÚ ÇÎÑ ,,,,,,
integer,unemployed_male_profile,"In total, how many male adults in your household did not work at all in the past 30 days?",yes,,,,. <= (${calcul_nb_over18_male} - ${calcul_employment_profile_male}),the sum of the adult male employed and the adult male unemployed exceeds the total adult male in the household,"İí ÇáãÌãæÚ ¡ ßã ÚÏÏ ÇáĞßæÑ ÇáÈÇáÛíä İí ãäÒáß áã íÚãá Úáì ÇáÅØáÇŞ ÎáÇá ËáÇËæä íæãğÇ ÇáãÇÖíÉ¿",ãÌãæÚ ÇáĞßæÑ İæŞ 18 ÓäÉ ÇáĞíä íÚãáæä æ ÇáÚÇØáæä Úä ÇáÚãá íİæŞ ÚÏÏ ÇáĞßæÑ ÇáÈÇáÛæä İí ÇáÇÓÑÉ ,,,,,
integer,unemployed_female_profile,"In total, how many female adults in your household did not work at all in the past 30 days?",yes,,,,. <= (${calcul_nb_over18_female} - ${calcul_employment_profile_female}),the sum of the adult female employed and the adult female unemployed exceeds the total adult female in the household,"İí ÇáãÌãæÚ ¡ ßã ÚÏÏ ÇáÇäÇË ÇáÈÇáÛÇÊ İí ãäÒáß áã íÚãáä Úáì ÇáÅØáÇŞ ÎáÇá ËáÇËæä íæãğÇ ÇáãÇÖíÉ¿",ãÌãæÚ ÇáÇäÇË İæŞ 18 ÓäÉ ÇáĞíä íÚãáæä æ ÇáÚÇØáæä Úä ÇáÚãá íİæŞ ÚÏÏ ÇáÇäÇË ÇáÈÇáÛÇÊ İí ÇáÇÓÑÉ ,,,,,
begin_group,income_source,Can you estimate your household's income (in LYD) over the last 30 days from each of the following sources? ,yes,,,field-list,,,ãÇ åæ ãŞÏÇÑ ÇáÏÎá ÇáĞí ÍÕáÊ Úáíå ÇÓÑÊß ãä åĞå ÇáãÕÇÏÑ ÎáÇá Çá ËáÇËæä íæãÇ ÇáãÇÖíÉ ÈÇáÏíäÇÑ ÇááíÈí ¿,,,,,,
integer,gov_salary,1. Government salary,yes,,${gov_job_female} >0 or ${gov_job_male}>0,,. >=0,," ÇáÑÇÊÈ ÇáÍßæãí
",,,,,,
integer,gov_social_benefits,2. Government social benefits of assistance (including pensions),yes,,,,. >=0,,ÇáİæÇÆÏ ÇáÇÌÊãÇÚíÉ ÇáÍßæãíÉ Ãæ ÇáãÓÇÚÏÉ:,,,,,,
integer,non_gov_salary,3. Non-government salaried work,yes,,${private_libya_job_female} >0 or ${private_libya_job_male} >0 or ${private_foreign_job_female} >0 or ${private_foreign_job_male} >0 or ${ngo_libya_job_female} >0 or ${ngo_libya_job_male} >0 or ${ngo_international_job_female} >0 or ${ngo_international_job_male} >0 or ${employment_female_other} >0 or ${employment_male_other} >0,,. >=0,,ÃÚãÇá ÛíÑ ÍßæãíÉ ÈÃÌÑ,,,,,,
integer,casual_labour,4. Casual or daily labour,yes,,${informal_labour_female} >0 or ${informal_labour_male} >0 ,,. >=0,, ÇáÚãá ÇáÚÑÖí Ãæ Çáíæãí:,,,,,,
integer,own_business_income,5. Income from own business or commerce,yes,,${own_business_female} >0 or ${own_business_male} >0 ,,. >=0,,ÇáÏÎá ãä ÇáÃÚãÇá ÇáÊÌÇÑíÉ ÇáÎÇÕÉ Ãæ ÇáÊÌÇÑÉ,,,,,,
integer,remittances,6. Remittances,yes,,,,. >=0,,ÇáÊÍæíáÇÊ,,,,,,
integer,family_support,7. Support from family and friends (not including remittances),yes,,,,. >=0,,ÏÚã ÇáÚÇÆáÉ / ÇáÃÕÏŞÇÁ :,,,,,,
integer,humanitarian_assistance,8. Humanitarian assistance,yes,,,,. >=0,, ÇáãÓÇÚÏÉ ÇáÅäÓÇäíÉ/ ÇáÊÈÑÚÇÊ ÇáÎíÑíÉ:,,,,,,
integer,zakat,9. Zakat or charitable donations (not formal humanitarian assistance),yes,,,,. >=0,,ÇáÒßÇÉ Ãæ ÇáÊÈÑÚÇÊ ÇáÎíÑíÉ (æáíÓ ÇáãÓÇÚÏÉ ÇáÅäÓÇäíÉ ÇáÑÓãíÉ),,,,,,
integer,income_other,10. Other (please specify),yes,,,,. >=0,,ÃÎÑì:,,,,,,
end_group,,,,,,,,,,,,,,,
text,income_source_other,"if other, please specify",yes,,${income_other} >0,,,,ÍÏÏ Åä ßäÊ ÇÎÊÑÊ ÛíÑ Ğáß,,,,,,
integer,income_received_in_cash,Approximately what percentage of your household's income over the last 30 days was received in cash (LYD)?,yes,,,,. >=0 and .<=100,,ÊŞÑíÈÇ ãÇ åí ÇáäÓÈÉ ÇáãÆæíÉ  ãä ÏÎá ÃÓÑÊß ÎáÇá ÇáËáÇËíä íæãğÇ ÇáÃÎíÑÉ ÇáÊí Êã ÇÓÊáÇãåÇ äŞÏğÇ (LYD)¿,,,,,,
select_one yes_no_dk_dwta,obtaining_cash_to_meet_needs,Did your household face any challenges obtaining enough money to meet its needs over the last 30 days?,yes,,,quick,,,åá æÇÌåÊ ÃÓÑÊß Ãí ÊÍÏíÇÊ İí ÇáÍÕæá Úáì ãÇ íßİí ãä ÇáãÇá áÊáÈíÉ ÇÍÊíÇÌÇÊåÇ ÎáÇá ÇáËáÇËíä íæãğÇ ÇáãÇÖíÉ¿,,,,,,
select_multiple obtaining_cash_challenges,obtaining_cash_challenges,If yes: What were the main challenges to obtaining enough money to meet your household's needs in the last 30 days?,yes,,${obtaining_cash_to_meet_needs} ='yes',,"not(selected(., 'dk')) and not(selected(., 'dwta')) or count-selected(.) = 1",,ÅĞÇ ßÇäÊ ÇáÅÌÇÈÉ ÈäÚã: ãÇ ßÇäÊ ÇáÊÍÏíÇÊ ÇáÑÆíÓíÉ ááÍÕæá Úáì ÇáÏÎá İí Çá ËáÇËæä íæãÇ ÇáãÇÖíÉ¿,,,,,ãÊÚÏÏ ÇáÎíÇÑÇÊ ,
text,obtaining_cash_challenges_other,"if other, please specify",yes,,"selected(${obtaining_cash_challenges},'other')",,,,ÍÏÏ Åä ßäÊ ÇÎÊÑÊ ÛíÑ Ğáß,,,,,,
select_one cash_withdraw,cash_withdraw,Did you personally withdraw any money from banks or ATMs in the last 30 days?,yes,,,quick,,,åá ŞãÊ ÔÎÕíÇ ÈÓÍÈ Ãí ÃãæÇá ãä ÇáÈäæß Ãæ ÃÌåÒÉ ÇáÕÑÇİ ÇáÂáí İí ËáÇËæä íæãğÇ ÇáãÇÖíÉ¿,,,,,,
select_one cash_withdraw_amount,cash_withdraw_amount,"How much money, in LYD, did you personally withdraw in total over the last 30 days?",yes,,${cash_withdraw} = 'yes',quick,,,ßã ÇÓÊØÚÊ Çä ÊÓÍÈ ÇáÃãæÇá ÈÇáÏíäÇÑ ÇááíÈí İí ÂÎÑ ËáÇËæä íæãÇ¿,,,,,,
begin_group,income_expenditure,"During the past 30 days, how much did your household spend, in LYD, on each of the following categories of items for domestic consumption? For each, please estimate the total amount spent by your household using all modalities (cash, credit, cheques, etc.).",yes,,,field-list,,,ßã ãä ÇáãÇá  ÃäİŞÊ ÃÓÑÊß Úáì ÇáÇÍÊíÇÌÇÊ ÇáÃÓÇÓíÉ ÇáÊÇáíÉ ÎáÇá ËáÇËæä íæãÇ ÇáãÇÖíÉ¿,,,,"Give your answers as % , the total should be 100%","ŞÏã ÇáÇÌÇÈÇÊ ÈÇáäÓÈÉ ÇáãÇÆæíÉ, Úáì ÇáãÌãæÚ Çä íßæä ãÓÇæ á 100 ÈÇáãÇÆÉ",
integer,expend_food,1. Food items,yes,,,,. >=0,,ÇáÛĞÇÁ:,,,,,,
integer,expend_housing,2. Rent,yes,,"selected(${occupancy_type},'rented_written_contract') or selected(${occupancy_type},'rented_verbal_agreement')",,. >=0,,"ÇáÅíÌÇÑ:
",,,,,,
integer,expend_water,3. Water (from all sources combined),yes,,,,. >=0,,"ÇáãíÇå (Úáì ÓÈíá ÇáãËÇá ãíÇå ÇáÔÈßÉ¡ÇáãÚÈÃÉ İí ÒÌÇÌÇÊ Ãæ ÇáãäŞæáÉ ):",,,,,,
integer,expend_nfi,"4. Non-food household items (hygiene items, blankets, lightbulbs, etc.)",yes,,,,. >=0,,"ÇáãæÇÏ ÇáÛíÑ ÛĞÇÆíÉ (ãæÇÏ ÇáäÙÇİÉ¡ ÇáÈØÇäíÇÊ ¡ ÇáãÕÇÈíÍ ¡ ÅáÎ)",,,,,,
integer,expend_utilities,5. Utilities (electricity and gas connections),yes,,,,. >=0,,ÇáãÑÇİŞ (ÊæÕíáÇÊ ÇáßåÑÈÇÁ æÇáÛÇÒ),,,,,,
integer,expend_fuel,"6. Fuel (for cooking, for vehicles, etc.)",yes,,,,. >=0,,"ÇáæŞæÏ (ááØåí ¡ ááãÑßÈÇÊ ¡ ÅáÎ)",,,,,,
integer,expand_health,"7. Health-related expenditures (healthcare, medicine, etc.)",yes,,,,. >=0,,"ÇáäİŞÇÊ ÇáãÊÚáŞÉ ÈÇáÕÍÉ (ÇáÑÚÇíÉ ÇáÕÍíÉ ¡ ÇáØÈ ¡ æãÇ Åáì Ğáß)",,,,,,
integer,expend_education,"8. Education-related expenditures (school fees, supplies, uniforms, etc.)",yes,,,,. >=0,,"ÇáäİŞÇÊ ÇáãÊÚáŞÉ ÈÇáÊÚáíã (ÇáÑÓæã ÇáãÏÑÓíÉ ¡ ÇááæÇÒã ¡ ÇáÒí ÇáãÏÑÓí ¡ ÅáÎ)",,,,,,
integer,expand_transportation,9. Transportation,yes,,,,. >=0,,ÇáäŞá ,,,,,,
integer,expand_assets,"10. Productive assets (items used to help generate income, such as sewing machines, tools, etc.)",yes,,,,. >=0,,"ÇáÃÕæá ÇáÅäÊÇÌíÉ (ÇáãæÇÏ ÇáãÓÊÎÏãÉ ááãÓÇÚÏÉ İí ÊæáíÏ ÇáÏÎá ¡ ãËá ãÇßíäÇÊ ÇáÎíÇØÉ ¡ æÇáÃÏæÇÊ ¡ æãÇ Åáì Ğáß)",,,,,,
integer,debt_payment,11. Debt repayment,yes,,,,. >=0,,ÓÏÇÏ ÇáÏíæä,,,,,,
integer,expand_other,12. All other expenditures (please specify),yes,,,,. >=0,,ÌãíÚ ÇáäİŞÇÊ ÇáÃÎÑì (íÑÌì ÊÍÏíÏåÇ),,,,,,
end_group,,,,,,,,,,,,,,,
text,income_expenditure_other,"if other expenditures, please specify what are they:",yes,,${expand_other} >0,,,,"Åä ßäÊ ÇÎÊÑÊ ÛíÑ Ğáß, ÍÏÏ äæÚ ÇáäİŞÇÊ ÇáÇÎÑì ",,,,,,
select_one payment_modality,payment_modality,What was the payment modality most commonly used by your household in the past 30 days?,yes,,,quick,,,ãÇ ØÑíŞÉ ÇáÏİÚ ÇáÃÓÇÓíÉ ( ÇáÃßËÑ ÇÓÊÚãÇáÇ)  İí ÇáËáÇËíä íæãÇ ÇáãÇÖíÉ¿,,,,,,
text,payment_modality_other,Other:,,,"selected(${payment_modality},'other')",,,,ÍÏÏ Åä ßäÊ ÇÎÊÑÊ ÛíÑ Ğáß,,,,,,
select_one yes_no_dk_dwta,access_market_place,Do you have access to a marketplace or grocery store in your mahalla or close to your mahalla?,yes,,,quick,,,åá ÊÓÊØíÚ ÇáæÕæá Åáì ÇáÓæŞ Çæ ãÍá ãæÇÏ ÛĞÇÆíÉ İí ãäØŞÊß Ãæİí ãäØŞÉ ŞÑíÈÉ ãäß¿,,,,,,
select_one time_accessgoods,time_accessgoods,For how long do you have to travel by car to get to the nearest marketplace or grocery store?,yes,,"not(selected(${access_market_place},'dk'))",quick,,,ßã ãä ÇáæŞÊ íÓÊÛÑŞ ÇáÓİÑ ÈÇáÓíÇÑÉ ááæÕæá Åáì ÃŞÑÈ ÓæŞ Ãæ ãÍá ãæÇÏ ÛĞÇÆíÉ¿,,,,,,
select_multiple barrier_marketplace,barrier_marketplace,"In the last 30 days, did you or anyone in your household face any barriers to consistently accessing marketplaces or grocery stores?",yes,,,,"not(selected(., 'dk')) and not(selected(., 'dwta')) and not(selected(., 'no_barrier')) and count-selected(.) <=3 or count-selected(.) = 1",some options can't be selected with other options,ÎáÇá ÇáËáÇËíä íæãğÇ ÇáãÇÖíÉ åá æÇÌåÊß ÇäÊ Çæ ÇÍÏ ÇİÑÇÏ ÇÓÑÊß ÚæÇÆŞ ÊãäÚßã ãä ÇáæÕæá Åáì ÇáÃÓæÇŞ Ãæ ãÍáÇÊ ãæÇÏ ÛĞÇÆíÉ  ÈÔßá ãÓÊãÑ ¿,ÈÚÖ ÇáÎíÇÑÇÊ áÇ íãßä ÇÎÊíÇÑåÇ ãÚ ÎíÇÑÇÊ ÃÎÑì,,,make sure to read all the answers possible otherwise people might not remember everything,ÊÇßÏ Çä ÊŞÑÇ ÌãíÚ ÇáÇíÌÇÈÇÊ ÇáããßäÉ áÇä ÇáÇÔÎÇÕ áä íÊĞßÑæÇ ßá ÔíÁ,
text,barrier_marketplace_other,Other: ,,,"selected(${barrier_marketplace},'other')",,,,ÛíÑåÇ,,,,,,
select_multiple barrier_marketitem,barrier_marketitem,"In the last 30 days, did you or anyone in your household face any barriers to regularly purchasing specific items on the market?",yes,,,,"not(selected(., 'dk')) and not(selected(., 'dwta')) and not(selected(., 'no_barrier_item')) and count-selected(.) <= 3 or count-selected(.) = 1",some options can't be selected with other options,"ÎáÇá ÇáËáÇËíä íæãğÇ ÇáãÇÖíÉ ¡ åá æÇÌåÊß ÃäÊ Ãæ Ãí ÔÎÕ İí ãäÒáß Ãí ÚæÇÆŞ áÔÑÇÁ ãæÇÏ ãÍÏÏÉ ÈÇäÊÙÇã İí ÇáÓæŞ¿",ÈÚÖ ÇáÎíÇÑÇÊ áÇ íãßä ÇÎÊíÇÑåÇ ãÚ ÎíÇÑÇÊ ÃÎÑì,,,make sure to read all the answers possible otherwise people might not remember everything,ÊÇßÏ Çä ÊŞÑÇ ÌãíÚ ÇáÇíÌÇÈÇÊ ÇáããßäÉ áÇä ÇáÇÔÎÇÕ áä íÊĞßÑæÇ ßá ÔíÁ,
text,barrier_marketitem_other,Other: ,,,"selected(${barrier_marketitem},'other')",,,,ÍÏÏ Åä ßäÊ ÇÎÊÑÊ ÛíÑ Ğáß,,,,,,
select_multiple barrier_marketitem_expensive,barrier_marketitem_expensive,"If ""Yes, some items are too expensive"":
Which items were too expensive to afford? (select category first, then list specific items)",yes,,"selected(${barrier_marketitem}, 'yes_expensive')",,,,"ÅĞÇ ßÇäÊ ÇáÅÌÇÈÉ ""äÚã ¡  ÈÚÖ ÇáÚäÇÕÑ ÛÇáíÉ ÌÏğÇ"":
ãÇ åí ÇáÚäÇÕÑ ÇáÊí ßÇäÊ ãßáİÉ ááÛÇíÉ¿ (ÍÏÏ ÇáİÆÉ ÃæáÇğ ¡ Ëã ÃÏÑÌ ÚäÇÕÑ ãÍÏÏÉ)",,,,multiple choice,ãÊÚÏÏ ÇáÎíÇÑÇÊ ,
begin_group,marketitem_expensive_detaills,Please specify the items that are expensive,yes,,,,,,íÑÌì ÊÍÏíÏ ÇáÚäÇÕÑ ÇáÈÇåÙÉ,,,,,,
text,food_expensive_details,"If food item,please specify:",,,"selected(${barrier_marketitem_expensive},'expensive_fi')",,,,"ÅĞÇ ßÇäÊ ÇáÚäÇÕÑ ÇáÛĞÇÆíÉ¡ íÑÌì ÊÍÏíÏ ",,,,,,
text,hygiene_expensive_details,"If Hygiene items, please specify",,,"selected(${barrier_marketitem_expensive},'expensive_hygiene')",,,,"ÅĞÇ ßÇäÊ ãæÇÏ ÇáäÙÇİÉ, íÑÌì ÊÍÏíÏ ",,,,,,
text,hh_item_expensive_details,"If household items, please specify",,,"selected(${barrier_marketitem_expensive},'expensive_hh_items')",,,,"ÅĞÇ ßÇäÊ ÇáÃÏæÇÊ ÇáãäÒáíÉ¡ íÑÌì ÊÍÏíÏ ",,,,,,
text,fuel_expensive_details,"If fuel, Please specify",,,"selected(${barrier_marketitem_expensive},'expensive_fuel')",,,,"ÅĞÇ ßÇä ÇáæŞæÏ¡ íÑÌì ÊÍÏíÏ ",,,,,,
text,water_expensive_details,"If water, Please specify",,,"selected(${barrier_marketitem_expensive},'expensive_water')",,,,"ÅĞÇ ßÇä ÇáãÇÁ¡ íÑÌì ÊÍÏíÏ ",,,,,,
text,medecine_expensive_details,"If medecine, please specify",,,"selected(${barrier_marketitem_expensive},'expensive_med')",,,,"ÅĞÇ ßÇäÊ ÇáÃÏæíÉ Ãæ ÇáãæÇÏ ĞÇÊ ÇáÕáÉ ÈÇáÕÍÉ¡ íÑÌì ÊÍÏíÏ ",,,,,,
text,barrier_marketitem_expensive_other,"if other, please specify",,,"selected(${barrier_marketitem_expensive},'other')",,,,ÍÏÏ Åä ßäÊ ÇÎÊÑÊ ÛíÑ Ğáß,,,,,,
end_group,,,,,,,,,,,,,,,
select_multiple barrier_marketitem_unavailable,barrier_marketitem_unavailable,"If ""Yes, some items are not available"":
Which items were not consistently available? (select category first, then list specific items)",yes,,"selected(${barrier_marketitem}, 'yes_unavailable')",,,,"ÅĞÇ ""äÚã ¡ ÈÚÖ ÇáÚäÇÕÑ ÛíÑ ãÊæİÑÉ"":
ãÇ åí ÇáÚäÇÕÑ ÇáÊí áã Êßä ãÊæİÑÉ ÈÇÓÊãÑÇÑ¿ (ÍÏÏ ÇáİÆÉ ÃæáÇğ ¡ Ëã ÃÏÑÌ ÚäÇÕÑ ãÍÏÏÉ)",,,,multiple choice,ãÊÚÏÏ ÇáÎíÇÑÇÊ ,
begin_group,marketitem_unavailable_detaills,Please specify the items that are unavailable,yes,,,,,,íÑÌì ÊÍÏíÏ ÇáÚäÇÕÑ ÛíÑ ãÊæİÑÉ,,,,,,
text,food_unavailable_details,"If food item,please specify:",,,"selected(${barrier_marketitem_unavailable},'unavailable_fi')",,,,"ÅĞÇ ßÇäÊ ÇáÚäÇÕÑ ÇáÛĞÇÆíÉ¡ íÑÌì ÊÍÏíÏ ",,,,,,
text,hygiene_unavailable_details,"If Hygiene items, please specify",,,"selected(${barrier_marketitem_unavailable},'unavailable_hygiene')",,,,"ÅĞÇ ßÇäÊ ãæÇÏ ÇáäÙÇİÉ, íÑÌì ÊÍÏíÏ ",,,,,,
text,hh_item_unavailable_details,"If household items, please specify",,,"selected(${barrier_marketitem_unavailable},'unavailable_hh_items')",,,,"ÅĞÇ ßÇäÊ ÇáÃÏæÇÊ ÇáãäÒáíÉ¡ íÑÌì ÊÍÏíÏ ",,,,,,
text,fuel_unavailable_details,"If fuel, Please specify",,,"selected(${barrier_marketitem_unavailable},'unavailable_fuel')",,,,"ÅĞÇ ßÇä ÇáæŞæÏ¡ íÑÌì ÊÍÏíÏ ",,,,,,
text,water_unavailable_details,"If water, Please specify",,,"selected(${barrier_marketitem_unavailable},'unavailable_water')",,,,"ÅĞÇ ßÇä ÇáãÇÁ¡ íÑÌì ÊÍÏíÏ ",,,,,,
text,medecine_unavailable_details,"If medecine, please specify",,,"selected(${barrier_marketitem_unavailable},'unavailable_med')",,,,"ÅĞÇ ßÇäÊ ÇáÃÏæíÉ Ãæ ÇáãæÇÏ ĞÇÊ ÇáÕáÉ ÈÇáÕÍÉ¡ íÑÌì ÊÍÏíÏ ",,,,,,
text,barrier_marketitem_unavailable_other,"if other, please specify",yes,,"selected(${barrier_marketitem_unavailable},'other')",,,,ÍÏÏ Åä ßäÊ ÇÎÊÑÊ ÛíÑ Ğáß,,,,,,
end_group,,,,,,,,,,,,,,,
select_multiple financial_provider,financial_provider,What types of financial service providers do you have access to in or around your mahalla?,yes,,,,"not(selected(., 'dk')) and not(selected(., 'dwta')) and count-selected(.) <= 3 or count-selected(.) = 1",some options can't be selected with other options,ãÇ åí  ÇáÎÏãÇÊ ÇáãÇáíÉ ÇáãÊæİÑÉ İí ãäØŞÊßã / İí ãßÇä ŞÑíÈ¿,ÈÚÖ ÇáÎíÇÑÇÊ áÇ íãßä ÇÎÊíÇÑåÇ ãÚ ÎíÇÑÇÊ ÃÎÑì,,,multiple choice,ãÊÚÏÏ ÇáÎíÇÑÇÊ ,
text,financial_provider_other,if other please specify,,,"selected(${financial_provider},'other')",,,,ÍÏÏ Åä ßäÊ ÇÎÊÑÊ ÛíÑ Ğáß,,,,,,
begin_group,coping_mechanism_cash,"During the past 30 days, did anyone in your household have to engage in any of the following activities? Options for each sub-question, select one:",yes,,,,,,"ÎáÇá Çá 30 íæãÇ ÇáãÇÖí¡ åá ŞÇãÊ ÃÓÑÊß ÈÃÍÏ ÇáÃãæÑ ÇáÊÇáíÉ ááÊÚÇãá ãÚ äŞÕ ÇáÃãæÇá ÇáäŞÏíÉ / Ãæ áÃäß áã ÊÊãßä ãä ÊáÈíÉ ÇÍÊíÇÌÇÊß¿                                                              ",,,,,,
select_one cash_coping,sell_non_productive_asset,"1. Sold non-productive household assets or goods (TV, household appliance, furniture, gold, etc.)",yes,,,quick,,," ÈíÚ ÇáããÊáßÇÊ ÇáãäÒáíÉ ÛíÑ ÇáãäÊÌÉ (ÇáÊáİÒíæä ¡ ÇáÃÌåÒÉ ÇáãäÒáíÉ ¡ ÇáÃËÇË ¡ ÇáĞåÈ ¡ ÅáÎ.)",,,,,,
select_one cash_coping,sell_productive_asset,"2. Sold productive household assets or means of transport (sewing machine, wheelbarrow, car, etc.)",yes,,,quick,,," ÈíÚ ÇáããÊáßÇÊ ÇáãäÒáíÉ ÇáãäÊÌÉ Ãæ æÓÇÆá ÇáäŞá (ãÇßíäÉ ÇáÎíÇØÉ ¡ ÚÑÈÉ íÏæíÉ ¡ ÓíÇÑÉ ¡ ÅáÎ)",,,,,,
select_one cash_coping,spent_savings,3. Spent savings,yes,,,quick,,,ÇÇäİÇŞ ÇáãÏÎÑÇÊ ,,,,,,
select_one cash_coping,borrow_money,4. Borrowed money,yes,,,quick,,, ÇŞÊÑÇÖ ÇáÇãæÇá  ,,,,,,
select_one cash_coping,purchase_on_credit,5. Purchased food on credit or borrowed food,yes,,,quick,,,ÔÑÇÁ ÇáØÚÇã ÈÈØÇŞÉ ÇáÇÆÊãÇä Çæ ÇŞÊÑÇÖ ÇáØÚÇã,,,,,,
select_one cash_coping,reduce_expense_nfi,"6. Reduced expenditures on essential non-food items (water, hygiene items, etc.)",yes,,,quick,,,"ÎİÖ ÇáäİŞÇÊ Úáì ÇáãæÇÏ ÇáÃÓÇÓíÉ ÛíÑ ÇáÛĞÇÆíÉ (ÇáãÇÁ ¡ æãæÇÏ ÇáäÙÇİÉ ¡ æãÇ Åáì Ğáß)",,,,,,
select_one cash_coping,reduce_expense_health,"7. Reduced expenses on health, medicine, or education",yes,,,quick,,, ÇäÎİÇÖ ÇáäİŞÇÊ Úáì ÇáÕÍÉ Ãæ ÇáÇÏæíÉ  Ãæ ÇáÊÚáíã,,,,,,
select_one cash_coping,delay_skip_rent,8. Delayed or skipped paying rent,yes,,,quick,,, ÊÃÎÑ Ãæ ÚÏã ÏİÚ ÇáÇíÌÇÑ,,,,,,
select_one cash_coping,begging,9. Asked strangers for money or food,yes,,,quick,,, ØáÈÇáãÇá Ãæ ÇáØÚÇã  ??ãä ÇáÛÑÈÇÁ ,,,,,,
select_one cash_coping,additional_job,10. Took an additional job,yes,,,quick,,, ÇáÚãá İí  æÙíİÉ ÅÖÇİíÉ,,,,,,
select_one cash_coping,degrading_illegal_work,"11. HH member accepted socially degrading, exploitative, high-risk, or illegal work",yes,,,quick,,, ÚÖæ ãä ÇáÇÓÑÉ ŞÈá ÃÚãÇáÇ ãåíäÉ ÇÌÊãÇÚíÇº ÚÇáíÉ ÇáÎØæÑÉ º ÇÓÊÛáÇáíÉ  Ãæ ÛíÑ ŞÇäæäíÉ,,,,,,
select_one cash_coping,coping_cash_other,"12. Other, please specify",yes,,,quick,,," ÃÎÑì ¡ íÑÌì ÇáÊÍÏíÏ",,,,,,
end_group,,,,,,,,,,,,,,,
text,coping_mechanism_cash_other,Other: ,,,"selected(${coping_cash_other},'yes') or selected(${coping_cash_other},'already_exhausted')",,,,ÍÏÏ Åä ßäÊ ÇÎÊÑÊ ÛíÑ Ğáß,,,,,,
select_multiple coping_cash_reason,coping_cash_reason," If Yes to any of the options, for what reason were these coping strategies mainly used?",yes,,${sell_non_productive_asset} ='yes' or ${sell_productive_asset} ='yes' or ${spent_savings} ='yes' or ${borrow_money} ='yes' or ${purchase_on_credit} ='yes' or ${reduce_expense_nfi} ='yes' or ${reduce_expense_health} ='yes' or ${delay_skip_rent} ='yes' or ${begging} ='yes' or ${additional_job} ='yes' or ${degrading_illegal_work} ='yes' or ${coping_cash_other} ='yes',,"not(selected(., 'dk')) and not(selected(., 'dwta')) or count-selected(.) = 1",some options can't be selected with other options,"ÅĞÇ ßÇäÊ ÇáÅÌÇÈÉ ÈäÚã Úáì Ãí ãä ÇáÎíÇÑÇÊ ¡ İãÇ ÓÈÈ ÇÓÊÎÏÇã ÇÓÊÑÇÊíÌíÇÊ ÇáãæÇÌåÉ åĞå ÃÓÇÓğÇ¿",ÈÚÖ ÇáÎíÇÑÇÊ áÇ íãßä ÇÎÊíÇÑåÇ ãÚ ÎíÇÑÇÊ ÃÎÑì,,,multiple choice,ãÊÚÏÏ ÇáÎíÇÑÇÊ ,
end_group,,,,,,,,,,,,,,,
,,,,,,,,,,,,,,,
begin_group,displacement,Displacement,yes,,"selected(${displacement_status},'idp') or selected(${displacement_status},'returnee')",,,,ÇáäÇÒÍæä æ ÇáÚÇÆÏæä ,,,,,,
select_one yes_no_dk_dwta,displaced_since2011,"Since 2011, has your household ever been displaced as a result of conflict?",yes,,,quick,,,"ãäĞ ÚÇã 2011 ¡ åá äÒÍÊ ÃÓÑÊß ÈÓÈÈ ÇáäÒÇÚ¿",,,,,,
select_one Mantika,Mantika_area_origin,"If Yes, What do you consider to be your household's area of origin? Select Mantika",yes,,"selected(${displaced_since2011},'yes')",quick,,,ãäØŞÊß ÇáÃÕáíÉ ,,,,,,
select_one Baladiya,Baladiya_area_origin,"If Yes, What do you consider to be your household's area of origin? Select Baladiya",yes,,"selected(${displaced_since2011},'yes')",quick,,,ÈáÏíÊß ÇáÃÕáíÉ ,,Mantika=${Mantika_area_origin},,,,
integer,nbtimes_displaced,"If Yes, Since 2011, how many times has your household been displaced?",yes,,"selected(${displaced_since2011},'yes')",,.>0,,"ÅĞÇ ßÇäÊ ÇáÅÌÇÈÉ äÚã ¡ ãäĞ ÚÇã 2011  ßã ÚÏÏ ÇáãÑÇÊ ÇáÊí äÒÍÊ İíåÇ ¿",,,,,,
select_one year_displacement,year_displacement,In what year was your household most recently displaced?,yes,,,quick,,, İí Ãí ÚÇã ßÇä ÇÎÑ äÒæÍ áÇÓÑÊß¿,,,,,,
select_one Mantika,Mantika_disp,Where were you most recently displaced to?,yes,,,quick,,,ãäØŞÉ,,,,,,
select_one Baladiya,Baladiya_disp,Where were you most recently displaced to?,yes,,,quick,,,ÈáÏíÉ,,Mantika=${Mantika_disp},,,,
select_multiple push_factors,push_factors,What are the main reasons why your household left its area of origin?,yes,,,,"not(selected(., 'dk')) and not(selected(., 'dwta')) and count-selected(.) <= 3 or count-selected(.) = 1",some options can't be selected with other options,ãÇ åí ÇáÃÓÈÇÈ ÇáÑÆíÓíÉ æÑÇÁ ÊÑß ÃÓÑÊß ÇáãäØŞÉ ÇáÃæáíÉ¿,ÈÚÖ ÇáÎíÇÑÇÊ áÇ íãßä ÇÎÊíÇÑåÇ ãÚ ÎíÇÑÇÊ ÃÎÑì,,,,,
text,other_pushfactor,"If other, specify",yes,,"selected(${push_factors},'other')",,,, ÃÎÑì (ÍÏÏ),,,,,,
select_multiple no_return_reason,no_return_reason,What are the main reasons why your HH has not returned to its area of origin?,yes,,"selected(${displacement_status},'idp')",,"not(selected(., 'dk')) and not(selected(., 'dwta')) and count-selected(.) <= 3 or count-selected(.) = 1",some options can't be selected with other options,ãÇ åí ÇáÃÓÈÇÈ ÇáÑÆíÓíÉ áÚÏã ÚæÏÉ ÃÓÑÊß Åáì ãäØŞÊåÇ ÇáÃÕáíÉ¿,ÈÚÖ ÇáÎíÇÑÇÊ áÇ íãßä ÇÎÊíÇÑåÇ ãÚ ÎíÇÑÇÊ ÃÎÑì,,,,,
text,no_return_reason_other,"If other, specify",yes,,"selected(${no_return_reason},'other')",,,, ÃÎÑì (ÍÏÏ),,,,,,
select_multiple pull_factors,pull_factors,Why did your household choose to move/to come back to this area specifically?,yes,,,,"not(selected(., 'dk')) and not(selected(., 'dwta')) and count-selected(.) <= 3 or count-selected(.) = 1",some options can't be selected with other options,áãÇĞÇ ÇÎÊÇÑÊ ÃÓÑÊß ÇáÓßä / ÇáÚæÏÉ Åáì åĞå ÇáãäØŞÉ Úáì æÌå ÇáÊÍÏíÏ¿,ÈÚÖ ÇáÎíÇÑÇÊ áÇ íãßä ÇÎÊíÇÑåÇ ãÚ ÎíÇÑÇÊ ÃÎÑì,,,Up to three choices ,íãßäß ÇÎÊíÇÑ ËáÇËÉ ÎíÇÑÇÊ ßÍÏ ÃŞÕì,
text,other_pullfactor,"If other, specify",yes,,"selected(${pull_factors},'other')",,,,"ÇÎÑ, ÍÏÏ",,,,,,
select_multiple return_area_decision,return_area_decision,Who made the decision for your return (within or outside your HH)?,yes,,"selected(${displacement_status},'returnee')",,"not(selected(., 'dk')) and not(selected(., 'dwta')) and count-selected(.) <= 3 or count-selected(.) = 1",some options can't be selected with other options,ãä ÇáĞí ÇÊÎĞ ŞÑÇÑ ÚæÏÊß ¿(ÏÇÎá Ãæ ÎÇÑÌ ÃÓÑÉ),ÈÚÖ ÇáÎíÇÑÇÊ áÇ íãßä ÇÎÊíÇÑåÇ ãÚ ÎíÇÑÇÊ ÃÎÑì,,,,,
text,return_area_decision_other,"If other, specify",yes,,"selected(${return_area_decision},'other')",,,,ÇÎÑ  ÍÏÏ,,,,,,
select_multiple problem_faced_return,problem_faced_return,When you returned to your community did you experience any of the following?,yes,,"selected(${displacement_status},'returnee')",,,,"ÚäÏãÇ ÚÏÊ Åáì ãÌÊãÚß ¡ åá æÇÌåÊ ÃíğÇ ããÇ íáí¿",,,,,,
text,problem_faced_return_other,"If other, specify",yes,,"selected(${problem_faced_return},'other')",,,,ÇÎÑ  ÍÏÏ,,,,,,
end_group,,,,,,,,,,,,,,,
,,,,,,,,,,,,,,,
begin_group,protection,Protection,yes,,,,,,ÇáÍãÇíÉ,,,,,,
select_one yes_no_dk_dwta,lost_documentation,"Did you or some household member lose legal documentation because of the conflict (e.g. family book, birth certificate, marriage certificates)?",yes,,,quick,,,"åá İŞÏÊ ÃäÊ Ãæ ÃÍÏ ÃİÑÇÏ ÃÓÑÊß ãÓÊäÏÇÊß ÇáŞÇäæäíÉ ÈÓÈÈ ÇáäÒÇÚ (ãËá ßÊíÈ ÇáÚÇÆáÉ¡ æÔåÇÏÉ ÇáãíáÇÏ æÔåÇÏÇÊ ÇáÒæÇÌ ...)¿",,,,,,
select_multiple lost_doc_types,lost_doc_types,"If Yes, please specify which documents?",yes,,"selected(${lost_documentation},'yes')",,"not(selected(.,'dk')) and not(selected(.,'dwta')) and not(selected(.,'no_doc_missing')) or count-selected(.) = 1",some options can't be selected with other options,"ÅĞÇ ßÇä ÇáÌæÇÈ ÈäÚã ¡ íÑÌì ÊÍÏíÏ ÇáæËÇÆŞ¿",ÈÚÖ ÇáÎíÇÑÇÊ áÇ íãßä ÇÎÊíÇÑåÇ ãÚ ÎíÇÑÇÊ ÃÎÑì,,,,,
select_multiple lost_doc_impact,lost_doc_impact,"If Yes, has the loss of your documentation affected your access to any of the following?",yes,,"selected(${lost_documentation},'yes')",,"not(selected(.,'dk')) and not(selected(.,'dwta')) and not(selected(.,'no_impact')) or count-selected(.) = 1",some options can't be selected with other options,"ÅĞÇ ßÇäÊ ÇáÅÌÇÈÉ ÈäÚã ¡ İåá ÃËÑÊ ÎÓÇÑÉ æËÇÆŞß İí æÕæáß Åáì Ãí ããÇ íáí¿",ÈÚÖ ÇáÎíÇÑÇÊ áÇ íãßä ÇÎÊíÇÑåÇ ãÚ ÎíÇÑÇÊ ÃÎÑì,,,,,
select_one yes_no_dk_dwta,applied_documentation,"If Yes, Have you applied to get new documentation?",yes,,"selected(${lost_documentation},'yes')",quick,,," ÅĞÇ ßÇäÊ ÇáÅÌÇÈÉ ÈäÚã¡ åá ÊŞÏãÊ ÈØáÈ ááÍÕæá Úáì æËÇÆŞ ÌÏíÏÉ¿",,,,,,
select_multiple documentation_reasons,documentation_reason,"If no, why haven't you applied to get new documentation?",yes,,"selected(${applied_documentation},'no')",,"not(selected(.,'dk')) and not(selected(.,'dwta')) or count-selected(.) = 1",some options can't be selected with other options,"ÅĞÇ ßÇäÊ ÇáÅÌÇÈÉ ""áÇ""¡ áãÇĞÇ áã ÊŞÏã ØáÈÇ ááÍÕæá Úáì æËÇÆŞ ÌÏíÏÉ¿",ÈÚÖ ÇáÎíÇÑÇÊ áÇ íãßä ÇÎÊíÇÑåÇ ãÚ ÎíÇÑÇÊ ÃÎÑì,,,,,
text,documentation_reason_other,Other:,yes,,"selected(${documentation_reason},'other')",,,,ãÓÇÆá ÃÎÑì (ÍÏÏ),,,,,,
select_one yes_no_dk_dwta,missing_family_member, Do you have any missing family members?,yes,,,quick,,,åá áÏíß Ãí ãİŞæÏ ãä ÃİÑÇÏ ÇáÚÇÆáÉ¿,,,,,,
integer,missing_family_under18,"If Yes, how many below 18 years old ?",yes,,"selected(${missing_family_member},'yes')",,.>=0,,"ÅĞÇ ßÇä ÇáÌæÇÈ ÈäÚã ¡ İßã ÚÏÏ ÇáãİŞæÏíä ÃŞá ãä 18 ÚÇãğÇ¿",,,,Please put the number 99 if the interviewee did not want to answer,"Åä ßÇä ÇáãÓÊÌæÈ áÇ íÑíÏ ÇáÇÌÇÈÉ Úä åĞÇ ÇáÓÄÇá¡ ÖÚ ÇáÑŞã 99. ",
integer,missing_family_above18,"If Yes, how many above 18 years old?",yes,,"selected(${missing_family_member},'yes')",,.>=0,,"ÅĞÇ ßÇäÊ ÇáÅÌÇÈÉ äÚã ¡ İßã ÚÏÏ ÇáãİŞæÏíä ÃßÈÑ ãä 18 ÚÇãğÇ¿",,,,Please put the number 99 if the interviewee did not want to answer,"Åä ßÇä ÇáãÓÊÌæÈ áÇ íÑíÏ ÇáÇÌÇÈÉ Úä åĞÇ ÇáÓÄÇá¡ ÖÚ ÇáÑŞã 99. ",
select_one missing_period,missing_period,"If Yes, since when have they been missing?",yes,,"selected(${missing_family_member},'yes')",quick,,,"ÅĞÇ ßÇä äÚã ¡ ãäĞ ãÊì åã ãİŞæÏíä ",,,,,,
select_one yes_no_dk_dwta,leave_country_intention,Are you or any member of the HH intending to leave the country?,yes,,,quick,,,åá ÃäÊ Ãæ Ãí İÑÏ ãä ÃİÑÇÏ ÇáÃÓÑÉ íÚÊÒã ãÛÇÏÑÉ ÇáÈáÇÏ¿,,,,,,
select_multiple leave_country_reasons,leave_country_reasons,"If Yes, why?",yes,,"selected(${leave_country_intention},'yes')",,"not(selected(.,'dk')) and not(selected(.,'dwta')) or count-selected(.) = 1",some options can't be selected with other options,"ÅĞÇ äÚã ¡ áãÇĞÇ¿",ÈÚÖ ÇáÎíÇÑÇÊ áÇ íãßä ÇÎÊíÇÑåÇ ãÚ ÎíÇÑÇÊ ÃÎÑì,,,,,
text,leave_country_reasons_other,"if other, please specify",yes,,"selected(${leave_country_reasons},'other')",,,,ÇÎÑ  ÍÏÏ,,,,,,
select_one yes_no_dk_dwta,presence_uxo_neighborhood,Are you aware of the presence of any explosive hazards in your neighborhood?,yes,,,quick,,,åá ÃäÊ Úáì Úáã ÈæÌæÏ Ãí ãÎáİÇÊ ÍÑÈ Çæ ÃáÛÇã İí ãäØŞÊßã¿,,,,,,
select_multiple awareness_uxo_actions,awareness_uxo_actions,"If Yes, what course of action did you take?",yes,,"selected(${presence_uxo_neighborhood},'yes')",,"not(selected(.,'dk')) and not(selected(.,'dwta')) and not(selected(.,'no_action_taken')) or count-selected(.) = 1",some options can't be selected with other options,"ÅĞÇ ßÇäÊ ÇáÅÌÇÈÉ ÈäÚã ¡ ãÇ åæ ãÓÇÑ ÇáÚãá ÇáĞí ÓáßÊå¿",ÈÚÖ ÇáÎíÇÑÇÊ áÇ íãßä ÇÎÊíÇÑåÇ ãÚ ÎíÇÑÇÊ ÃÎÑì,,,,,
text,contacted_mine_details,If contacted a mine action authority please specify,yes,,"selected(${awareness_uxo_actions},'contacted_mine_authority')",,,,"ÅĞÇ Êã ÇáÇÊÕÇá ÈåíÆÉ ãßÇİÍÉ ÇáÃáÛÇã ¡ íÑÌì ÊÍÏíÏ Ğáß",,,,,,
select_one yes_no_dk_dwta,awareness_uxo,Have any member of the household received any form of explosive hazards risk awareness? ,yes,,,quick,,,åá ÊáŞì Ãí İÑÏ ãä ÃİÑÇÏ ÇáÃÓÑÉ Ãí Ôßá ãä ÃÔßÇá ÇáÊæÚíÉ ÈãÎÇØÑ ÇáãÊİÌÑÇÊ¿,,,,,,
select_multiple awareness_source,awareness_source,"If Yes, from what source?",yes,,"selected(${awareness_uxo},'yes')",,"not(selected(.,'dk')) and not(selected(.,'dwta')) or count-selected(.) = 1",some options can't be selected with other options,"ÅĞÇ ßÇä ÇáÌæÇÈ äÚã¡ ãä Ãí ãÕÏÑ¿",ÈÚÖ ÇáÎíÇÑÇÊ áÇ íãßä ÇÎÊíÇÑåÇ ãÚ ÎíÇÑÇÊ ÃÎÑì,,,,,
text,awareness_source_other,Other:,yes,,"selected(${awareness_source},'other')",,,,ãÓÇÆá ÃÎÑì (íÑÌì ÇáÊÍÏíÏ),,,,,,
select_one awareness_period,awareness_period,"If Yes, when were they made aware?",yes,,"selected(${awareness_uxo},'yes')",quick,,,"ÅĞÇ ßÇäÊ ÇáÅÌÇÈÉ ÈäÚã ¡ İãÊì ÚáãæÇ ÈĞáß¿",,,,,,
select_one yes_no_dk_dwta,member_uxo_injured,Has any member of your household been harmed as a result of being exposed to an explosive hazards in the past?,yes,,,quick,,,åá ÊÚÑÖ Ãí İÑÏ ãä ÃİÑÇÏ ÃÓÑÊß áÃÖÑÇÑ äÊíÌÉ ÊÚÑÖå áãÎÇØÑ ÇáãÊİÌÑÇÊ İí ÇáãÇÖí¿,,,,,,
end_group,,,,,,,,,,,,,,,
,,,,,,,,,,,,,,,
begin_group,assistance,Assistance,yes,,,,,,ÇáÏÚã ,,,,,,
select_one yes_no_dk_dwta,received_assistance,Did your household receive humanitarian assistance during the previous 6 months?,yes,,,quick,,,åá ÍÕáÊ ÃÓÑÊß Úáì ãÓÇÚÏÉ ÅäÓÇäíÉ ÎáÇá ÇáÜ 6 ÃÔåÑ ÇáãÇÖíÉ¿,,,,,,
select_multiple assistance_modality,modality_assistance,"If yes, what was the modality of the assistance received?",yes,,"selected(${received_assistance},'yes')",,"not(selected(.,'dwta')) or count-selected(.) = 1",some options can't be selected with other options,"ÅĞÇ ßÇäÊ ÇáÅÌÇÈÉ äÚã ¡ İãÇ åí ØÑíŞÉ ÊáŞí ÇáãÓÇÚÏÉ¿",ÈÚÖ ÇáÎíÇÑÇÊ áÇ íãßä ÇÎÊíÇÑåÇ ãÚ ÎíÇÑÇÊ ÃÎÑì,,,,,
text,modality_assistance_other,if other please specify,yes,,"selected(${modality_assistance},'other')",,,,"ÃÎÑì¡ íÑÌì ÇáÊÍÏíÏ ",,,,,,
select_multiple assistance_source,assistance_source,"If yes, from what source? ",yes,,"selected(${received_assistance},'yes')",,"not(selected(.,'dwta')) and not(selected(.,'dk')) or count-selected(.) = 1",some options can't be selected with other options,"ÅĞÇ ßÇäÊ ÇáÅÌÇÈÉ ÈäÚã ¡ ãä Ãí ãÕÏÑ¿",ÈÚÖ ÇáÎíÇÑÇÊ áÇ íãßä ÇÎÊíÇÑåÇ ãÚ ÎíÇÑÇÊ ÃÎÑì,,,,,
text,assistance_source_other,if other please specify,yes,,"selected(${assistance_source},'other')",,,,"ÃÎÑì¡ íÑÌì ÇáÊÍÏíÏ ",,,,,,
select_multiple humanitarian_assistance_barriers,humanitarian_assistance_barriers,"In the last year, did your household face any barriers to receiving humanitarian assistance?",yes,,"selected(${received_assistance},'yes')",,"not(selected(.,'dwta')) and not(selected(.,'dk')) and not(selected(.,'no_barriers_assistance')) or count-selected(.) = 1",some options can't be selected with other options,"İí ÇáÚÇã ÇáãÇÖí ¡ åá æÇÌåÊ ÃÓÑÊß Ãí ÚæÇÆŞ ÊÍæá Ïæä ÊáŞí ÇáãÓÇÚÏÇÊ ÇáÅäÓÇäíÉ¿",ÈÚÖ ÇáÎíÇÑÇÊ áÇ íãßä ÇÎÊíÇÑåÇ ãÚ ÎíÇÑÇÊ ÃÎÑì,,,,,
text,humanitarian_assistance_barriers_ot,if other please specify,yes,,"selected(${humanitarian_assistance_barriers},'other')",,,,"ÃÎÑì¡ íÑÌì ÇáÊÍÏíÏ ",,,,,,
select_one future_assistance,future_assistance,"If your household were to receive assistance in the future, what modality would you like it to be?",yes,,,quick,,,"ÅĞÇ ßÇäÊ ÃÓÑÊß ÓÊÍÕá Úáì ÇáãÓÇÚÏÉ İí ÇáãÓÊŞÈá ¡ İãÇ åí ÇáØÑíŞÉ ÇáÊí ÊÑíÏåÇ¿",,,,,,
text,future_assistance_other,if other please specify,yes,,"selected(${future_assistance},'other')",,,,"ÃÎÑì¡ íÑÌì ÇáÊÍÏíÏ ",,,,,,
select_one humanitarian_assistance_info,humanitarian_assistance_info,What is your primary source of information on the humanitarian assistance in your current area of residence?,yes,,,quick,,,ãÇ åæ ÇáãÕÏÑ ÇáÑÆíÓí áãÚáæãÇÊß Íæá ÇáãÓÇÚÏÉ ÇáÅäÓÇäíÉ İí ãäØŞÊß ÇáÍÇáíÉ¿,,,,,,
select_multiple prefered_humanitarian_news,prefered_humanitarian_news,What type of information would you like to receive from aid providers? Please specify your top 3 priorities.,yes,,,,"not(selected(.,'dk')) and not(selected(.,'dwta')) and count-selected(.) <=3 or count-selected(.) = 1",some options can't be selected with other options,ãÇ äæÚ ÇáãÚáæãÇÊ ÇáÊí ÊÑÛÈ İí ÊáŞíåÇ ãä ãŞÏãí ÇáãÓÇÚÏÇÊ ¿ íÑÌì ÊÍÏíÏ Ãåã 3 ÃæáæíÇÊ.,ÈÚÖ ÇáÎíÇÑÇÊ áÇ íãßä ÇÎÊíÇÑåÇ ãÚ ÎíÇÑÇÊ ÃÎÑì,,,,,
text,prefered_humanitarian_news_other,if other please specify,yes,,"selected(${prefered_humanitarian_news},'other')",,,,"ÃÎÑì¡ íÑÌì ÇáÊÍÏíÏ ",,,,,,
select_one prefered_information_source,prefered_information_source,Who/where would you prefer to receive information from?,yes,,,quick,,,ãä / Ãíä ÊİÖá ÊáŞí ÇáãÚáæãÇÊ ãä¿,,,,,,
text,prefered_information_source_other,if other please specify,yes,,"selected(${prefered_information_source},'other')",,,,"ÃÎÑì¡ íÑÌì ÇáÊÍÏíÏ ",,,,,,
select_one yes_no,food_security_consent,"Enumerator to explain: To be able to better monitor the food security situation in Libya, we are planning to conduct short surveys via mobile phone. If you were to participate, the phone survey would last approximately 10 minutes, and would focus on your familys food consumption, access to markets, work and social well-being. Any information collected would remain strictly confidential and anonymous. This information will help us understand the situation in your community. Any information collected would remain strictly confidential and anonymous. Would you be interested in participating?",yes,,,quick,,,"áßí äßæä ŞÇÏÑíä Úáì ãÈÇÔÑÉ æãÊÇÈÚÉ ÍÇáÉ ÇáæÖÚ ÇáÛĞÇÆí İí áíÈíÇ¡ İÇääÇ äÎØØ áÇÌÑÇÁ ÇÓÊØáÇÚÇÊ ÑÃí ŞÕíÑÉ ãä ÎáÇá ÇáåÇÊİ ÇáãÍãæá.  ""
¡ İí ÍÇáÉ ÇáãÔÇÑßÉ¡ İÇä Ğáß ÓíÓÊÛÑŞ ÊŞÑíÈÇ ÚÔÑÉ ÏŞÇÆŞ ÈÇáåÇÊİ ÇáãÍãæá
æÓÊÏæÑ ÇáÇÓÆáÉ Íæá ÇáÇÓÊåáÇß ÇáÛĞÇÆí ááÇÓÑÉ¡ ÓåæáÉ æßíİíÉ ÇáæÕæá Çáì ÇáÇÓæÇŞ æÇáÚãá æÇáÑİÇåíÉ ÇáÇÌÊãÇÚíÉ.
 
Ãí ãÚáæãÇÊ äŞæã ÈÊÌãíÚåÇ ÓÊÍİÙ áÏíäÇ İí ÓÑíÉ ÊÇãÉ. åĞå ÇáãÚáæãÇÊ ÓÊÓÇÚÏäÇ áİåã ÇáÇæÖÇÚ İí ÇáãÌÊãÚ
åá ÊæÏ ÇáãÔÇÑßÉ æÇáãÓÇÚÏÉ İí Ğáß¿.""",,,,,,
text,phone_number,What is your phone number?,yes,,"selected(${food_security_consent},'yes')",,,,ãÇ åæ ÑŞã åÇÊİß¿,,,,,,
end_group,,,,,,,,,,,,,,,
end_group,,,,,,,,,,,,,,,
